trailing_per,trailing_eps,forward_per_consensus,forward_eps_consensus,current_pbr,current_bps,close,market_cap,business_overview,business_keywords,roe_estimate,source_url,source_id,quality_flag,as_of,ticker,company,sector,in_kospi200,py_end_per,py_end_eps,roe_2y,roe_1y,roe_current,pbr_band_low,pbr_band_high,update_note,pbr_5y_min,current_pbr_from_history
12.11,22292.0,6.0,48291.0,3.14,85987.26,270000.0,15784952.0,"기업개요 동사는 1969년 설립된 글로벌 전자 기업으로, DX, DS, SDC, Harman 산하 308개 종속기업으로 구성됨. DX 부문은 TV, 가전, 스마트폰, DS는 메모리 반도체와 Foundry 사업, SDC는 OLED 패널, Harman은 전장부품·오디오 사업 운영함. 동사는 AI 기술 확대, 선단 공정 개발, 고부가 솔루션 포트폴리오로 제품 차별화 및 원가 경쟁력 제고하며 질적 성장에 주력하고 있음.",가전·TV;스마트폰;반도체,0.5616,https://finance.naver.com/item/main.naver?code=005930,NAVER_PUBLIC,OK,2026-09-07,005930,삼성전자,,Y,,,,,,0.6919629721891359,0.9817733464236447,Public Naver pull; history-dependent fields require BPS history input.,0.6093926007178273,3.1400000418666676
7.95,224313.0,5.0,349342.0,4.81,370686.07,1783000.0,13024678.0,"기업개요 동사는 1949년 설립되어 경기도 이천시 본사를 거점으로 4개 생산기지와 3개 연구개발법인 및 미국, 중국, 싱가포르 등에 판매법인을 운영하는 글로벌 반도체 기업임. 2026년 상반기 기준 57개의 종속회사를 보유하고 있으며, Solidigm Inc. 등 신규 법인을 설립하여 사업 영역을 확장함. 주력 제품은 DRAM과 NAND Flash를 중심으로 하는 메모리 반도체이며, Foundry 사업도 병행하고 있음.",반도체,0.9424,https://finance.naver.com/item/main.naver?code=000660,NAVER_PUBLIC,OK,2026-09-07,000660,SK하이닉스,,Y,,,,,,0.2697700509760186,0.8905109382718378,Public Naver pull; history-dependent fields require BPS history input.,0.20232753823201394,4.810000008902412
4.53,248219.0,3.0,341357.0,2.7,416666.67,1125000.0,1484144.0,"기업개요 동사는 2021년 SK텔레콤으로부터 인적분할로 설립된 지주회사이며, SK하이닉스 등 주요 자회사를 통해 반도체 중심의 포트폴리오와 지배구조를 형성하고 있음. 투자, 모빌리티, 플랫폼, 커머스 4개 부문으로 나뉘며, 11번가, 티맵모빌리티, SK플래닛, 원스토어, FSK L&S 등을 보유하고 있음. 신속하고 전문적인 의사결정 체제 확립과 사업 역량 집중을 통해 기업 경쟁력과 주주가치 증대하고 있음.",반도체;플랫폼·인터넷,0.8193,https://finance.naver.com/item/main.naver?code=402340,NAVER_PUBLIC,OK,2026-09-07,402340,SK스퀘어,,Y,,,,,,0.10257599917939202,0.529919995760641,Public Naver pull; history-dependent fields require BPS history input.,0.08051999935584,2.6999999784
111.98,12984.0,73.0,19865.0,10.74,135381.75,1454000.0,1086046.0,"기업개요 동사는 1973년 설립된 삼성그룹 계열 전자부품 전문기업으로, 국내외 생산법인 및 판매법인을 통해 글로벌 네트워크를 구축하고 있음. 수동소자 컴포넌트, 반도체패키지기판, 카메라모듈의 3개 사업부문으로 구성되어 스마트폰, PC, AI서버, 자동차 등 다양한 분야에 핵심 전자부품을 공급하고 있음. 초소형/고용량 재료기술 및 공정기술 고도화, AI/서버, 전장용 고부가 제품 확대와 글로벌 고객 다변화를 추진하고 있음.",반도체;스마트폰;자동차,0.1467,https://finance.naver.com/item/main.naver?code=009150,NAVER_PUBLIC,OK,2026-09-07,009150,삼성전기,,Y,,,,,,0.9964415440042694,1.447314722996268,Public Naver pull; history-dependent fields require BPS history input.,0.7977441568010459,10.7400000369326
12.8,30697.0,10.0,37867.0,0.84,467857.14,393000.0,804698.0,"기업개요 동사는 1967년 설립된 자동차 제조 및 판매 기업으로, 연결대상 종속회사 164개사를 보유하고 있음. 추가로 현대얼터너티브주식회사 등 13개사를 신규 연결하였으며, 현대캐피탈, 현대카드 등 금융부문과 현대로템의 디펜스솔루션, 레일솔루션, 에코플랜트 사업을 영위함. 차량부문에서는 Manufacturing Excellence와 New Product Innovation으로 시장의 불확실성에 대응하며 수익성을 제고하고 있음.",자동차;금융·보험;건설·인프라,0.0809,https://finance.naver.com/item/main.naver?code=005380,NAVER_PUBLIC,OK,2026-09-07,005380,현대차,,Y,,,,,,0.3939664146196422,0.5555114537741158,Public Naver pull; history-dependent fields require BPS history input.,0.32274809357403417,0.840000005129771
-7193.0,,-295.0,-1227.0,3.8,95394.74,362500.0,848250.0,"기업개요 동사는 2020년 LG화학에서 분할된 2차전지 전문 기업으로, 국내외 25개의 종속회사를 보유하고 있음. EV, ESS, IT기기, 전동공구, LEV 등에 적용되는 전지 관련 제품의 연구, 개발, 제조, 판매 사업을 영위하며, 에너지솔루션 단일 사업부문으로 구성되어 있음. 국내는 물론 미국, 폴란드, 중국 등 주요 거점에 생산, 판매, R&D 네트워크를 구축하여 전 세계를 대상으로 사업을 전개하고 있음.",화학·소재;배터리;전력·에너지,-0.0129,https://finance.naver.com/item/main.naver?code=373220,NAVER_PUBLIC,OK,2026-09-07,373220,LG에너지솔루션,,Y,,,,,,3.731861945428018,5.071558452803582,Public Naver pull; history-dependent fields require BPS history input.,2.809379217344688,3.7999998742069003
40.5,36202.0,36.0,40487.0,8.11,180764.49,1466000.0,678625.0,"기업개요 동사는 바이오의약품 위탁생산 및 세포주·공정 개발 서비스를 제공하는 CDMO 사업을 영위하고 있음. 2022년 삼성바이오에피스 지분 전량 취득 후, 2026년 미국 HGS 인수로 총 생산능력을 84만 5천리터로 확대하였음. 동사는 S-CHOice, S-Tensify 등 CDO 서비스 강화하며, mRNA, ADC 등 차세대 바이오의약품으로 사업을 확장하고 있음.",바이오·제약,0.224,https://finance.naver.com/item/main.naver?code=207940,NAVER_PUBLIC,OK,2026-09-07,207940,삼성바이오로직스,,Y,,,,,,6.358726760991609,8.451527177710622,Public Naver pull; history-dependent fields require BPS history input.,5.5445458341956435,8.109999923104366
22.27,14011.0,20.0,15812.0,0.39,800000.0,312000.0,624000.0,"기업개요 동사는 1957년 설립된 국내 최대 생명보험사로, 삼성카드, 삼성자산운용, 삼성에스알에이자산운용, 삼성생명금융서비스 등 다수의 종속회사를 보유하고 있음. 2025년 8월에는 시니어리빙 사업 진출을 위해 삼성노블라이프를 신규 설립하였음. 사망, 질병, 장애, 사고 등에 대한 보장성 보험상품과 노후대비를 위한 연금/저축성 보험상품 등 개인의 생애 단계별 니즈에 부합하는 상품과 서비스를 제공하는 것을 주요 사업으로 영위하고 있음.",금융·보험,0.0198,https://finance.naver.com/item/main.naver?code=032830,NAVER_PUBLIC,OK,2026-09-07,032830,삼성생명,,Y,,,,,,0.08285000000000001,0.18790000000000007,Public Naver pull; history-dependent fields require BPS history input.,0.07125,0.39
23.24,16520.0,23.0,16510.0,0.6,640000.0,384000.0,622723.0,"기업개요 동사는 1938년 삼성상회를 모태로 설립되어 2015년 삼성물산과 제일모직 합병을 통해 현재의 사업구조를 갖추었으며, 삼성그룹의 모기업으로서 136개 종속회사를 보유하고 있음. 동사는 건설, 상사, 패션, 리조트, 급식/식자재유통, 바이오 등 6개 사업부문을 영위하고 있음. 건설부문은 초고층빌딩, 플랜트 등에서 업계 최고 수준의 기술력을 보유하고, 상사부문은 전세계 42개국 64개 해외거점을 기반으로 종합 솔루션을 제공하고 있음.",건설·인프라;유통·물류;바이오·제약,0.0258,https://finance.naver.com/item/main.naver?code=028260,NAVER_PUBLIC,OK,2026-09-07,028260,삼성물산,,Y,,,,,,0.1749375,0.28746875000000016,Public Naver pull; history-dependent fields require BPS history input.,0.15640625,0.6
10.51,16744.0,10.0,18392.0,1.02,172450.98,175900.0,623895.0,"기업개요 동사는 2008년 금융지주회사로 설립되어 KB국민은행, KB증권, KB손해보험 등 11개 주요 계열사를 보유한 국내 대표 금융그룹임. 은행, 금융투자, 보험, 여신전문 등 전 금융 영역에서 종합금융서비스를 제공하며, 은행부문이 순이자이익과 영업이익의 상당 부분을 차지하는 핵심 사업부문임. 디지털 전환에 대응하여 AI 기술 일상화, 임베디드 금융을 통한 고객 접점 확대, KB스타뱅킹 중심의 플랫폼 경쟁력 강화 등을 추진하고 있음.",금융·보험;플랫폼·인터넷,0.1067,https://finance.naver.com/item/main.naver?code=105560,NAVER_PUBLIC,OK,2026-09-07,105560,KB금융,,Y,,,,,,0.3001432639002689,0.6601296206029098,Public Naver pull; history-dependent fields require BPS history input.,0.2534053445216722,1.0200000023194997
25.91,40099.0,23.0,45097.0,4.46,232959.64,1039000.0,535743.0,"기업개요 동사는 1977년 삼성정밀공업으로 설립되어 2015년 한화그룹에 편입, 2018년 한화에어로스페이스로 사명을 변경했음. 주요 종속회사로 한화시스템, 한화오션, 쎄트렉아이 등을 보유하며, 2024년 한화오션의 미국 필라델피아 조선소 지분 인수로 미주 시장 진출 교두보를 마련함. 항공기 가스터빈 엔진, 자주포·장갑차 등 군사장비, 선박 건조, IT서비스, 우주발사체 및 위성시스템 등 다양한 사업 포트폴리오를 구성하고 있음.",조선·해양;전력·에너지,0.1936,https://finance.naver.com/item/main.naver?code=012450,NAVER_PUBLIC,OK,2026-09-07,012450,한화에어로스페이스,,Y,,,,,,0.2923536454640812,3.919133803606496,Public Naver pull; history-dependent fields require BPS history input.,0.1794946111695571,4.460000024038498
7.13,18004.0,6.0,21867.0,0.77,166753.25,128400.0,501290.0,"기업개요 동사는 1944년 설립된 완성차 제조 및 판매 기업으로, 현대자동차그룹 계열사임. 연결대상 종속회사 27개사를 보유하고 있으며, 국내 광명, 화성, 광주, 서산 공장과 해외 미국, 슬로바키아, 멕시코, 인도, 중국에 생산거점을 운영하고 있음. 주요 제품은 승용(모닝, K5, K8 등), RV(셀토스, 쏘렌토, EV6, EV9 등), 상용(봉고 트럭, 대형 버스 등)으로 구분됨.",자동차,0.1311,https://finance.naver.com/item/main.naver?code=000270,NAVER_PUBLIC,OK,2026-09-07,000270,기아,,Y,,,,,,0.47999064485999526,0.7169875249807725,Public Naver pull; history-dependent fields require BPS history input.,0.3556152578735347,0.7699999850077884
10.19,11174.0,9.0,12446.0,0.89,127977.53,113900.0,534703.0,"기업개요 동사는 2001년 금융지주회사법에 따라 설립된 대한민국 최초의 금융지주회사로, 신한은행, 신한카드 등 주요 자회사를 보유하고 있음. 은행업, 신용카드업, 증권업 등 종합금융서비스를 영위하며, 자산운용 등으로 사업 영역을 확장하고 있음. 2027 그룹 중기전략을 통해 AI·Digital Acceleration을 핵심 아젠다로 설정하고, 5대 전략사업을 추진하고 있음.",금융·보험,0.0973,https://finance.naver.com/item/main.naver?code=055550,NAVER_PUBLIC,OK,2026-09-07,055550,신한지주,,Y,,,,,,0.28403423632257946,0.5422826960326551,Public Naver pull; history-dependent fields require BPS history input.,0.25395083027465837,0.8899999867164181
17.52,25631.0,15.0,30839.0,4.47,100447.43,449000.0,471275.0,"기업개요 동사는 2019년 HD한국조선해양에서 물적분할되어 설립된 조선·해양플랜트·엔진기계 전문 기업으로, 2021년 유가증권시장에 상장함. 2025년 HD현대미포를 흡수합병하여 생산능력을 확대하였으며, 종속회사로 HD현대엠엔에스, HD현대이엔티, HD현대엔진 등을 보유하고 있음. 조선사업에서는 일반상선, LNG선, 컨테이너선, 해군 함정 등을 건조하고, 해양플랜트사업에서는 원유 생산·저장설비, 해상풍력발전, SMR 사업에 참여하고 있음.",조선·해양;건설·인프라;금융·보험,0.307,https://finance.naver.com/item/main.naver?code=329180,NAVER_PUBLIC,OK,2026-09-07,329180,HD현대중공업,,Y,,,,,,1.1233736891028472,4.744770473470551,Public Naver pull; history-dependent fields require BPS history input.,0.9109242516209723,4.469999879538979
310.6,283.0,176.0,499.0,6.88,12776.16,87900.0,563053.0,"기업개요 동사는 1962년 현대양행으로 설립되고, 2001년 두산그룹 인수 후 2022년 두산에너빌리티로 사명을 변경함. 주조, 단조 기반 소재 생산부터 원자력 및 복합화력 발전설비 설계, 제작 및 발전플랜트 EPC 사업을 영위함. 두산밥캣은 건설기계를, 두산퓨얼셀은 발전용 연료전지 사업을 하며, 대형 가스터빈 상업운전 성공 후 국내외 수주를 확대하고, 해상풍력 및 수소 등 친환경에너지 사업을 확대하고 있음.",화학·소재;전력·에너지;건설·인프라,0.0391,https://finance.naver.com/item/main.naver?code=034020,NAVER_PUBLIC,OK,2026-09-07,034020,두산에너빌리티,,Y,,,,,,1.2914678588871773,5.1314322926450515,Public Naver pull; history-dependent fields require BPS history input.,1.0253472091770923,6.880001502798963
10.83,39873.0,9.0,45720.0,0.74,583783.78,432000.0,388024.0,"기업개요 동사는 1977년 설립된 현대자동차그룹의 자동차부품 전문기업으로, 국내외 생산거점과 연구소를 운영하며 45개의 종속회사를 보유하고 있음. 샤시모듈, 칵핏모듈, FEM을 조립·생산하여 현대차·기아 등에 공급하고 제동·조향·전장 부품을 글로벌 완성차 업체에 제공하고 있음. 자율주행·전동화 흐름에 맞춰 R&D와 투자를 지속하며, 로보틱스 사업을 차세대 성장 영역으로 육성하고 있음.",자동차;전장부품,0.0783,https://finance.naver.com/item/main.naver?code=012330,NAVER_PUBLIC,OK,2026-09-07,012330,현대모비스,,Y,,,,,,0.37171296537221366,0.5109768551637389,Public Naver pull; history-dependent fields require BPS history input.,0.32717592804651063,0.7400000047962962
28.36,6568.0,28.0,6725.0,2.38,78277.31,186300.0,433365.0,"기업개요 동사는 1991년 설립된 글로벌 생명공학 기업으로, 2023년 셀트리온헬스케어와의 합병을 통해 통합 법인 체제를 완성함. 2025년 미국 브랜치버그 공장 인수를 완료해 미국 시장 공급 거점 및 CMO 위탁 생산 제조소로 운영하고 있음. 동사는 자가면역질환, 종양 등 바이오의약품을 개발하며 세계 최초 항체 바이오시밀러 램시마를 비롯해 11개 품목허가를 획득하고 있음.",바이오·제약,0.0859,https://finance.naver.com/item/main.naver?code=068270,NAVER_PUBLIC,OK,2026-09-07,068270,셀트리온,,Y,,,,,,1.8201008695878793,2.2386385020129076,Public Naver pull; history-dependent fields require BPS history input.,1.5346720524759985,2.380000028105207
5.55,110113.0,4.0,154917.0,0.91,671428.57,611000.0,442991.0,"기업개요 동사는 1991년 설립되어 SK그룹의 지주회사로 있으며, SK이노베이션, SK텔레콤 등 다양한 계열사 및 종속회사를 보유함. 사업구조는 투자부문과 사업부문으로 구성되며, 투자 포트폴리오 혁신과 미래 성장동력 발굴에 집중하고 있음. 에너지, 화학, 정보통신, 바이오 등 분야에 투자를 확대하며, 첨단기술 및 친환경 사업, AI 적용 등을 통한 산업 경쟁력을 강화하고 있음.",전력·에너지;화학·소재;바이오·제약,0.2307,https://finance.naver.com/item/main.naver?code=034730,NAVER_PUBLIC,OK,2026-09-07,034730,SK,,Y,,,,,,0.22251063877129926,0.37993617102114086,Public Naver pull; history-dependent fields require BPS history input.,0.17961702165875965,0.9100000019361703
1181.22,458.0,57.0,9422.0,1.75,309142.86,541000.0,435967.0,"기업개요 동사는 1970년에 설립되어 1979년 상장하였으며, 헝가리, 미국, 말레이시아 등 22개 종속기업을 두고 있음. 리튬이온 2차전지를 생산·판매하는 에너지솔루션 부문과 반도체·디스플레이 소재를 다루는 전자재료 부문을 운영하며, 에너지솔루션이 매출의 94%임. 전고체배터리는 2027년 양산 목표로 선도하고 있으며, 소듐배터리 개발과 로봇, 우주항공 등 고성장 분야로 사업을 확대하고 있음.",배터리;전력·에너지;반도체,0.0305,https://finance.naver.com/item/main.naver?code=006400,NAVER_PUBLIC,OK,2026-09-07,006400,삼성SDI,,Y,,,,,,0.8980547051935795,2.078045082457994,Public Naver pull; history-dependent fields require BPS history input.,0.5182070192402309,1.7499999838262479
9.43,14731.0,9.0,16128.0,0.79,175822.78,138900.0,381096.0,"기업개요 동사는 2005년 금융지주회사법에 근거하여 설립된 금융지주회사로, 1971년 한국투자금융에서 출발하여 1991년 하나은행으로 전환 후 종합금융그룹으로 성장함. 하나은행, 하나증권, 하나카드 등 14개 자회사와 34개 손자회사, 전세계 27개 지역 197개 글로벌 네트워크를 보유하고 있음. 은행업 중심으로 금융투자업, 신용카드업, 할부금융, 생명보험업, 손해보험업, 자산신탁 및 운용업 등 다각화된 금융사업을 영위하고 있음.",금융·보험,0.0917,https://finance.naver.com/item/main.naver?code=086790,NAVER_PUBLIC,OK,2026-09-07,086790,하나금융지주,,Y,,,,,,0.2374550100959614,0.4964089408664794,Public Naver pull; history-dependent fields require BPS history input.,0.1925234033951687,0.7900000216126716
16.92,12885.0,17.0,12519.0,1.1,198181.82,218000.0,331526.0,"기업개요 동사는 1999년 설립되어 한게임 사업부문을 인적분할하고, 크림페이 등 14개 법인을 설립하여 사업을 확장함. 국내 1위 인터넷 검색 포털을 통해 네이버 및 파이낸셜 플랫폼을 운영하며, C2C, 웹툰, 클라우드 등 글로벌 사업을 전개하고 있음. 초거대 AI HyperCLOVA X를 통해 다양한 AI 활용을 확대하며 지속적 연구개발로 플랫폼 혁신을 추구하고 있음.",플랫폼·인터넷,0.0632,https://finance.naver.com/item/main.naver?code=035420,NAVER_PUBLIC,OK,2026-09-07,035420,NAVER,,Y,,,,,,0.9510458628344416,1.285183474447858,Public Naver pull; history-dependent fields require BPS history input.,0.7932110018971468,1.0999999899082569
37.04,5777.0,17.0,12686.0,1.43,149650.35,214000.0,348573.0,"기업개요 동사는 2002년 LG전자의 전자 및 정보통신 사업부문을 인적분할하여 설립되었으며, 2025년 로봇 및 온수기 관련 기업 지분을 매입하여 사업 영역을 확대함. HS사업본부, MS사업본부, VS사업본부, ES사업본부, LG이노텍의 5개 사업부문으로 구성됨. 인공지능, 양자컴퓨터 등 핵심기술 선행 연구개발에 연간 4조원 이상을 투자하며, 생성형 AI 기반 차세대 AI홈 구현과 로봇 액추에이터 기반 신사업 확대를 추진하고 있음.",,0.0848,https://finance.naver.com/item/main.naver?code=066570,NAVER_PUBLIC,OK,2026-09-07,066570,LG전자,,Y,,,,,,0.5770785033245829,0.821915885930103,Public Naver pull; history-dependent fields require BPS history input.,0.45372429800531705,1.4299999966588786
14.91,44006.0,13.0,49075.0,0.77,851948.05,656000.0,292887.0,"기업개요 동사는 1952년 한국안보화재해상재보험주식회사로 설립된 국내 최대 규모의 손해보험사임. 보험업법에서 규정하는 손해보험업과 제3보험업을 핵심사업으로 영위하며, 개인연금, 퇴직연금, 신탁 등 다양한 금융상품을 판매하고 있음. 보종별 보험수익 비중은 장기보험 54.8%, 자동차보험 30.4%, 일반보험 14.8%이며, 국내 3개, 해외 6개 자회사를 보유하고 있음.",금융·보험;자동차,0.0576,https://finance.naver.com/item/main.naver?code=000810,NAVER_PUBLIC,OK,2026-09-07,000810,삼성화재,,Y,,,,,,0.2453201225121649,0.52843597681807,Public Naver pull; history-dependent fields require BPS history input.,0.21597561024994422,0.7700000017606707
79.86,2592.0,58.0,3588.0,14.46,14315.35,207000.0,310500.0,"기업개요 동사는 1974년 설립되어 전기·전자·계측·정보 및 자동화기기의 제조·판매·유지보수를 주요 사업으로 하고, 1994년 상장함. 연결대상 종속기업은 42개사로 LS메탈, 락성전기(무석)유한공사, LS이모빌리티솔루션, LS ELECTRIC America 등을 보유하고 있음. 전력사업은 전력기기·시스템·신재생에너지를, 자동화사업은 PLC·인버터·HMI 등 솔루션을 제공하고 있음.",전력·에너지,0.2506,https://finance.naver.com/item/main.naver?code=010120,NAVER_PUBLIC,OK,2026-09-07,010120,LS ELECTRIC,,Y,,,,,,0.7709207249560786,4.152186289542346,Public Naver pull; history-dependent fields require BPS history input.,0.584687066680172,14.460002724348339
32.33,23602.0,29.0,26440.0,12.18,62643.68,763000.0,275039.0,"기업개요 동사는 2017년 설립된 HD현대그룹 계열의 전력기기 전문 기업으로, 12개의 비상장 종속회사를 보유하고 있음. 발전→송전→배전→소비에 이르는 전력공급 전 단계에 필요한 전기전자기기 및 에너지 솔루션을 제작·공급하며, 전력기기, 회전기기, 배전기기 등을 생산함. 2022년 플라스포 인수로 전력변환 시장 공략의 교두보를 확보하였으며, 글로벌 R&D 네트워크와 국내 신뢰성센터를 통해 세계 최고 수준의 기술력을 갖추고 있음.",전력·에너지,0.4221,https://finance.naver.com/item/main.naver?code=267260,NAVER_PUBLIC,OK,2026-09-07,267260,HD현대일렉트릭,,Y,,,,,,0.5108256730766775,9.124623585332154,Public Naver pull; history-dependent fields require BPS history input.,0.2785596248496257,12.179999642422029
25.16,48642.0,20.0,60954.0,2.2,556363.64,1224000.0,255485.0,"기업개요 동사는 1974년 종합 비철금속 제련회사로 설립되었으며, 1990년 기업공개를 함. 연결대상 종속회사 84개를 보유하며, 2026년 미국 통합 비철금속 제련소 건설을 위해 Crucible Metals Holdings 등을 신규 설립하였음. 동사는 아연, 연, 금, 은, 동 등을 제조·판매하며, 자원순환, 전해동박 생산, 신재생에너지 및 수소개발, 전자폐기물 재활용 사업을 추진하고 있음.",건설·인프라;전력·에너지,0.1096,https://finance.naver.com/item/main.naver?code=010130,NAVER_PUBLIC,OK,2026-09-07,010130,고려아연,,Y,,,,,,0.8931209091952882,1.8509477003206034,Public Naver pull; history-dependent fields require BPS history input.,0.7908496680336623,2.199999985620915
12.9,6770.0,14.0,6425.0,3.55,24591.55,87300.0,267498.0,"기업개요 동사는 2000년 대우중공업에서 분할 설립되어 2001년 유가증권시장에 상장됨. 2024년 미국 Philly Shipyard Inc. 지분 인수로 미국 시장 진출 교두보를 마련하고, 싱가포르에 해외 종속회사를 신규 설립하여 글로벌 사업 기반을 확대하고 있음. LNG·원유·컨테이너·LPG 운반선 등 각종 선박과 FPSO, 해양플랫폼, 에너지플랜트 사업 및 잠수함·구축함 등 특수선을 건조하는 종합 조선·해양 전문회사임.",금융·보험;조선·해양;플랫폼·인터넷,0.2613,https://finance.naver.com/item/main.naver?code=042660,NAVER_PUBLIC,OK,2026-09-07,042660,한화오션,,Y,,,,,,0.8738855419849502,3.6394615223521907,Public Naver pull; history-dependent fields require BPS history input.,0.6484747809715126,3.5499998983390637
47.26,62744.0,35.0,83816.0,10.67,277881.91,2965000.0,276472.0,"기업개요 동사는 2018년 효성그룹에서 분할 설립된 중공업 및 건설 전문 기업으로, 국내외 24개 종속회사를 보유하고 있음. 중공업 부문에서는 변압기, 차단기, 배전반 등 전력기기와 전동기, 발전기, 감속기 등 회전기기를 생산·판매하며, 미국, 인도, 중국 등 주요 거점에 해외 생산기지를 운영하고 있음. 건설 부문에서는 주택, 재개발·재건축, 업무·상업시설, 토목·환경, SOC 사업 등 다양한 건설사업을 영위하고 있음.",건설·인프라;전력·에너지,0.3016,https://finance.naver.com/item/main.naver?code=298040,NAVER_PUBLIC,OK,2026-09-07,298040,효성중공업,,Y,,,,,,0.24326880436369538,4.8394658004186075,Public Naver pull; history-dependent fields require BPS history input.,0.17651382920176417,10.670000073052615
7.21,48724.0,6.0,55370.0,1.68,209226.19,351500.0,248767.0,"기업개요 동사는 1973년 설립된 HD현대그룹 계열의 지주회사로 2019년 지주회사로 전환하였음. HD현대중공업, HD현대삼호 등 26개 종속회사를 보유하고 있으며 조선사업, 해양플랜트사업, 엔진기계사업, 그린에너지사업을 영위하고 있음. 조선사업은 일반상선, 가스선, 해양선박, 함정 건조와 수소·암모니아 추진운반선 개발, 엔진기계사업은 대형·중형엔진, 발전설비 공급을 하고 있음.",조선·해양;건설·인프라;전력·에너지,0.2646,https://finance.naver.com/item/main.naver?code=009540,NAVER_PUBLIC,OK,2026-09-07,009540,HD한국조선해양,,Y,,,,,,0.4250901858892522,1.7191920380522152,Public Naver pull; history-dependent fields require BPS history input.,0.3379118073124593,1.6800000038236131
20.05,16737.0,14.0,23621.0,0.44,762500.0,335500.0,265855.0,"기업개요 동사는 1968년 설립되어 2022년 지주회사로 전환하였으며, 총 199개사의 연결대상 종속회사를 보유하고 있음. 주요 자회사로는 철강부문, 인프라부문, 이차전지소재부문 등이 있으며, 철강제품 공급과 무역·에너지·건설·물류·IT 및 이차전지소재사업을 영위하고 있음. 그룹 전반의 성장 전략 수립과 M&A 등 신사업 추진을 통해 미래사업 포트폴리오를 개발하고, 탈탄소 전환에 역량을 집중하고 있음.",건설·인프라;배터리;화학·소재,0.031,https://finance.naver.com/item/main.naver?code=005490,NAVER_PUBLIC,OK,2026-09-07,005490,POSCO홀딩스,,Y,,,,,,0.36052459016393446,0.5175081967213115,Public Naver pull; history-dependent fields require BPS history input.,0.27672131147540985,0.44
7.91,4324.0,8.0,4404.0,0.64,53437.5,34200.0,251981.0,기업개요 동사는 2019년 설립된 금융지주회사로 1899년 대한천일은행을 모태로 한 우리은행을 핵심 자회사로 보유하고 있음. 2025년 동양생명보험과 에이비엘생명보험 인수로 보험업에 진출하였으며 24개국 글로벌 네트워크를 통해 다양한 금융사업을 영위하고 있음. 동사는 '오늘의 혁신으로 내일의 가치를 만드는 금융그룹' 비전 하에 비은행 부문 수익 기여 본격화를 통해 주주환원 확대와 생산적 금융 지원을 하고 있음.,금융·보험,0.0824,https://finance.naver.com/item/main.naver?code=316140,NAVER_PUBLIC,OK,2026-09-07,316140,우리금융지주,,Y,,,,,,0.22778011695906433,0.47644444444444445,Public Naver pull; history-dependent fields require BPS history input.,0.20023391812865496,0.64
26.95,3480.0,15.0,6251.0,1.29,72713.18,93800.0,201473.0,"기업개요 동사는 1984년 설립된 SK그룹 계열의 이동통신 사업자로, 2019년 세계 최초 5G 상용화를 통해 국내 1위 사업자의 위상을 이어가고 있음. 연결대상 종속회사로 SK브로드밴드 등 18개사를 보유하며, 무선통신사업(74%), 유선통신사업(24%), 기타사업(2%)을 영위하고 있음. 동사는 5G 네트워크 기반 AI 연계 신규 서비스 출시 및 IoT 기반 B2B 사업 성장을 추진하고 있음.",,0.086,https://finance.naver.com/item/main.naver?code=017670,NAVER_PUBLIC,OK,2026-09-07,017670,SK텔레콤,,Y,,,,,,0.6868080862369106,0.7907782330521097,Public Naver pull; history-dependent fields require BPS history input.,0.5989285573812066,1.2899999697441373
-6951.0,,8.0,17090.0,0.89,154943.82,137900.0,233123.0,"기업개요 동사는 2007년 설립된 에너지 기업이며, 2024년 SK E&S와의 합병을 통해 아시아·태평양 지역 민간 최대 종합 에너지 회사로 성장했음. 석유·화학, LNG, 전력, 배터리 등 에너지를 아우르는 균형 잡힌 포트폴리오를 구축하고, 수직계열화로 밸류체인을 완성함. 동사는 전기사업 전환, ESS 사업 다각화, 글로벌 LNG 밸류체인 확장을 추진하며 Total Energy Company로 성장하고 있음.",전력·에너지;화학·소재;배터리,0.1103,https://finance.naver.com/item/main.naver?code=096770,NAVER_PUBLIC,OK,2026-09-07,096770,SK이노베이션,,Y,,,,,,0.7125163172045196,1.1805336927926524,Public Naver pull; history-dependent fields require BPS history input.,0.5234155192507839,0.8900000012907904
2.68,12213.0,5.0,6355.0,0.41,79878.05,32750.0,210243.0,"기업개요 동사는 1982년 한국전력공사법에 따라 설립된 국내 유일의 전력공급 공기업으로, 6개 발전자회사 등 169개 연결대상 종속회사를 보유하고 있음. 전력자원의 개발, 발전, 송전, 변전, 배전 및 전기판매 사업을 영위하며, 전기판매부문이 외부고객 매출의 94.8%를 차지함. 동사는 UAE 원전 건설 성공을 바탕으로 체코 신규원전 수주에 성공하였으며, 해상풍력 등 신재생에너지 확대와 탄소중립 실현을 위한 다각적인 사업을 추진하고 있음.",전력·에너지;건설·인프라,0.0796,https://finance.naver.com/item/main.naver?code=015760,NAVER_PUBLIC,OK,2026-09-07,015760,한국전력,,Y,,,,,,0.24209404210543448,0.44855877177772874,Public Naver pull; history-dependent fields require BPS history input.,0.2060641189913875,0.4099999937404581
14.42,1488.0,11.0,1968.0,0.7,30642.86,21450.0,202324.0,"기업개요 동사는 1976년 설립된 종합해운물류기업으로, 1995년 유가증권시장에 상장하였으며, 국내외 34개 종속회사를 보유하고 있음. 컨테이너, 벌크(유조선/건화물선), 터미널 등의 사업부문을 영위하며, 소형선부터 초대형 컨테이너선, VLCC를 포함한 선대와 전세계 항로망을 바탕으로 고객 맞춤형 물류솔루션을 제공하고 있음. 2023년 메탄올 연료 추진 컨테이너선 발주, 바이오 선박유 시범 운항 등 친환경 경쟁력 확보를 지속하고 있음.",유통·물류;금융·보험;조선·해양,0.0642,https://finance.naver.com/item/main.naver?code=011200,NAVER_PUBLIC,OK,2026-09-07,011200,HMM,,Y,,,,,,0.5859766353401739,0.7574358268125103,Public Naver pull; history-dependent fields require BPS history input.,0.4588344560527314,0.6999999347319408
103.22,2330.0,,,30.54,7874.92,240500.0,229225.0,"기업개요 동사는 1980년 반도체 자동화 장비의 제조 및 판매를 목적으로 설립되었으며, 2005년 유가증권시장에 상장하였음. 현재 3개의 비상장 종속회사를 보유하고 있음. 주물, 설계, 제작, 조립, 검사와 테스트까지의 수직통합제조(Vertical Integration Manufacture) 시스템을 구축하여 글로벌 주요 AI 반도체 기업에 반도체 제조용 장비를 공급하고 있음.",반도체;금융·보험,0.4253,https://finance.naver.com/item/main.naver?code=042700,NAVER_PUBLIC,OK,2026-09-07,042700,한미반도체,,Y,,,,,0.2959,2.043830286529895,17.501130170211255,Public Naver pull; history-dependent fields require BPS history input.,1.3714425035428932,30.539992787228314
9.63,13881.0,9.0,14819.0,1.9,70368.42,133700.0,223743.0,"기업개요 동사는 2011년 국내 최초의 보험지주회사로 설립되었으며, 메리츠화재해상보험, 메리츠증권, 메리츠캐피탈 등 344개의 종속회사를 보유하고 있음. 주요 사업부문은 손해보험업, 금융투자업, 여신전문금융업으로 구성되어 있음. 지주체제를 통해 리스크관리 역량 강화, 수익성 경영 정착, 고객 집중을 통한 서비스 경쟁력 확보와 선제적 위기 대응체제 구축을 추진하고 있음.",금융·보험,0.2106,https://finance.naver.com/item/main.naver?code=138040,NAVER_PUBLIC,OK,2026-09-07,138040,메리츠금융지주,,Y,,,,,,0.5479730822434268,1.596170554916538,Public Naver pull; history-dependent fields require BPS history input.,0.2962976858084919,1.9000000284218403
6.57,5278.0,7.0,4968.0,1.43,24265.73,34700.0,188428.0,"기업개요 동사는 1970년 설립된 금융투자업자로, 1975년 상장했으며 미래에셋벤처투자 등 144개 종속회사를 보유하고 있음. 투자매매업, 투자중개업, 투자자문업, 투자일임업, 신탁업을 주요 사업으로 전 세계 11개 지역에서 글로벌 투자전문기업으로 활동 중임. AI 기반 금융서비스 제공, 연금사업 육성, 글로벌 네트워크와 해외투자 선도 및 토큰증권, 종합투자계좌 등 신규사업을 추진하고 있음.",금융·보험,0.2047,https://finance.naver.com/item/main.naver?code=006800,NAVER_PUBLIC,OK,2026-09-07,006800,미래에셋증권,,Y,,,,,,0.2838571104186851,0.8776492609124062,Public Naver pull; history-dependent fields require BPS history input.,0.24536661373879953,1.4300002513833294
13.73,12405.0,14.0,12547.0,1.83,93060.11,170300.0,176789.0,"기업개요 동사는 1987년 한국전매공사로 설립되어 1999년 유가증권시장에 상장하였으며, 현재 33개의 연결대상 종속회사를 보유하고 있음. 궐련 및 차세대 전자담배(HNB) 제조·판매를 주력으로 하며, 건강기능식품, 부동산, 의약품·화장품 사업부문을 영위하고 있음. 국내 성공을 기반으로 중동, CIS, 아태 등으로 수출을 다변화하고, PMI와의 전략적 제휴를 통해 글로벌 사업을 확장하고 있음.",금융·보험;바이오·제약,0.1348,https://finance.naver.com/item/main.naver?code=033780,NAVER_PUBLIC,OK,2026-09-07,033780,KT&G,,Y,,,,,,0.8992037512098363,1.4605613511524973,Public Naver pull; history-dependent fields require BPS history input.,0.8338696354431561,1.8299999860305345
-19319.0,,-53.0,-5291.0,0.62,450806.45,279500.0,197305.0,"기업개요 동사는 2001년 (주)LG화학에서 분할 신설되었으며, 2020년 전지사업부문을 물적분할하여 (주)LG에너지솔루션을 설립함. 연결대상 종속기업 76사로 구성되어 석유화학, 첨단소재, 생명과학, LG에너지솔루션 및 (주)팜한농 사업을 운영하고 있음. 석유화학은 PE, PVC, ABS 등을 생산하고, 첨단소재는 양극재·분리막 등 전지소재와 전자소재를, 생명과학은 당뇨신약 '제미글로' 등 의약품을 생산하고 있음.",화학·소재;배터리;전력·에너지,-0.0117,https://finance.naver.com/item/main.naver?code=051910,NAVER_PUBLIC,OK,2026-09-07,051910,LG화학,,Y,,,,,,0.6266547428502853,1.4285509890109158,Public Naver pull; history-dependent fields require BPS history input.,0.4046082304279364,0.6200000022182469
33.33,642.0,20.0,1063.0,3.83,5587.47,21400.0,188320.0,"기업개요 동사는 1974년 설립되어 1994년 한국증권거래소에 주식을 상장한 조선해양 전문 기업임. 국내 거제조선소와 대덕·판교 R&D센터를 운영하고 있으며, 해외 8개 종속회사가 선박 및 선박블록 제작, 해양설비 설계 등을 담당하고 있음. 조선해양부문에서 LNG-FPSO, FPU, 초대형컨테이너선, LNG선, 원유운반선 등을 건조·판매하고 있으며, 토건부문에서 토목, 건축, 하이테크 공사를 수행하고 있음.",금융·보험;조선·해양;건설·인프라,0.1902,https://finance.naver.com/item/main.naver?code=010140,NAVER_PUBLIC,OK,2026-09-07,010140,삼성중공업,,Y,,,,,,1.0179920429102975,3.7798860665023706,Public Naver pull; history-dependent fields require BPS history input.,0.8787519217105416,3.8299981923840307
28.92,8386.0,27.0,9022.0,1.82,133241.76,242500.0,187641.0,"기업개요 동사는 1985년 설립되어 2014년 한국거래소에 상장한 삼성그룹 계열의 IT서비스 및 물류 전문기업임. 클라우드, SI, ITO 서비스를 제공하며, SCP 기반 CSP, End-to-End MSP, 브리티웍스·케이던시아 등 SaaS 솔루션을 운영하고 있음. AI 풀스택 역량으로 기업 고객의 AX를 지원하며, AX센터를 통해 비즈니스 구조 변화를 주도하고 있음.",유통·물류,0.0677,https://finance.naver.com/item/main.naver?code=018260,NAVER_PUBLIC,OK,2026-09-07,018260,삼성에스디에스,,Y,,,,,,0.9513533895079139,1.2505088494778214,Public Naver pull; history-dependent fields require BPS history input.,0.8533360712137095,1.8199999759835053
73.29,17343.0,56.0,22687.0,8.71,145924.23,1271000.0,205823.0,"기업개요 동사는 1933년 설립되어 두산에너빌리티, 두산밥캣 등 다수 계열사를 지배하고 있음. 자체 사업으로 전자BG와 디지털이노베이션BU 영위하며, 전자BG는 PCB 핵심 소재 CCL을 AI, 반도체 등에 공급하고, 디지털이노베이션BU는 IT 인프라, AI, 클라우드 등 토탈 IT 서비스를 제공함. 동사는 AI가속기, 데이터센터용 CCL 라인업 확대, 전기차 배터리용 PFC 등으로 지속 가능한 성장을 추구하고 있음.",화학·소재;반도체;건설·인프라,0.1555,https://finance.naver.com/item/main.naver?code=000150,NAVER_PUBLIC,OK,2026-09-07,000150,두산,,Y,,,,,,0.6110020248179483,4.078829129336506,Public Naver pull; history-dependent fields require BPS history input.,0.43515734158748,8.709999703270663
7.03,34618.0,5.0,49734.0,1.41,172695.04,243500.0,192348.0,"기업개요 동사는 2017년 HD한국조선해양㈜의 인적분할로 출범한 지주회사로, HD현대중공업㈜, HD현대오일뱅크㈜ 등 94개 연결대상 종속회사를 보유하고 있음. 조선해양, 정유, 전기전자, 건설기계, 선박서비스, 기타(산업용 로봇) 등 다양한 사업을 영위하고 있음. 친환경 선박 기술 개발, AI 및 로보틱스 기술 고도화, 신재생에너지 사업 확대, 디지털 전환을 통한 스마트 솔루션 제공 등 미래 성장 동력 확보에 주력하고 있음.",조선·해양;건설·인프라;전력·에너지,0.288,https://finance.naver.com/item/main.naver?code=267250,NAVER_PUBLIC,OK,2026-09-07,267250,HD현대,,Y,,,,,,0.34036877955498895,0.8683515172178657,Public Naver pull; history-dependent fields require BPS history input.,0.27707802146488975,1.4099999629404527
25.87,4813.0,16.0,7763.0,0.62,200806.45,124500.0,188234.0,"기업개요 동사는 1947년 설립되어 2003년 LGCI와 LGEI 합병을 통해 국내 최초 지주회사로 전환하고 있음. 순수지주회사로서, 자회사 배당수익, LG브랜드 상표권 사용수익 및 임대수익을 주요 수입원으로 하고 있음. 주요 자회사는 통신·방송 장비, 석유화학, 2차전지, 유무선 통신업 등을 영위하며, AI, 로보틱스, 클라우드 등 미래 기술 연구개발과 ESG 경영을 통해 지속가능한 성장을 추구하고 있음.",화학·소재;배터리,0.0387,https://finance.naver.com/item/main.naver?code=003550,NAVER_PUBLIC,OK,2026-09-07,003550,LG,,Y,,,,,,0.3743903644529346,0.4439100437261851,Public Naver pull; history-dependent fields require BPS history input.,0.3062650627009242,0.6200000049799197
6.31,3312.0,6.0,3504.0,0.44,47500.0,20900.0,166662.0,"기업개요 동사는 1961년 중소기업은행법에 따라 중소기업 신용제도 확립을 목표로 설립되었고, 2003년 상장하였음. IBK캐피탈, IBK투자증권 등 9개 비은행 자회사와 기업은행(중국)유한공사 등 4개 해외법인, 9개 해외지점, 2개 사무소 운영하고 있음. 예금·적금 수입, 자금 대출, 내·외국환 업무와 중소기업금융채권 발행을 통한 금융지원을 주요 사업으로 하고 있음.",금융·보험,0.0738,https://finance.naver.com/item/main.naver?code=024110,NAVER_PUBLIC,OK,2026-09-07,024110,기업은행,,Y,,,,,,0.21932631578947367,0.40846315789473686,Public Naver pull; history-dependent fields require BPS history input.,0.18694736842105264,0.44
12.06,13069.0,6.0,25753.0,1.82,86593.41,157600.0,177430.0,"기업개요 동사는 1976년 설립, 1987년 유가증권시장 상장된 정유사로, Saudi Aramco 종속회사인 Aramco Overseas Company B.V.가 지분 63.4%를 보유한 최대주주임. 하루 66만 9천배럴 원유정제능력을 보유하고 있으며, 정유부문이 전체 매출의 70% 이상을 차지함. 또한, 윤활기유 및 석유화학 사업으로 다각화된 포트폴리오를 구축하고 있음.",금융·보험;화학·소재,0.2974,https://finance.naver.com/item/main.naver?code=010950,NAVER_PUBLIC,OK,2026-09-07,010950,S-Oil,,Y,,,,,,0.7203781442490831,1.1444288889882037,Public Naver pull; history-dependent fields require BPS history input.,0.5854949008244391,1.819999928401018
46.68,783.0,28.0,1296.0,1.37,26678.83,36550.0,161916.0,"기업개요 동사는 1995년 주식회사 다음커뮤니케이션으로 설립되었으며, 2014년 주식회사 카카오와 합병 후 2015년 현재의 사명으로 변경하였음. 2017년 유가증권시장에 신규상장하였고, 카카오엔터테인먼트, 카카오픽코마, 에스엠엔터테인먼트 등을 통해 콘텐츠 사업 역량을 강화하고 있음. 국내 1위 메신저 카카오톡을 중심으로 커머스, 모빌리티, 페이 등 다양한 영역에서 수익을 창출하고 있음.",금융·보험;플랫폼·인터넷,0.0486,https://finance.naver.com/item/main.naver?code=035720,NAVER_PUBLIC,OK,2026-09-07,035720,카카오,,Y,,,,,,1.5397976597924272,2.5196007471092248,Public Naver pull; history-dependent fields require BPS history input.,1.2425582381236357,1.370000108700419
50.61,13022.0,40.0,16469.0,9.02,73059.87,659000.0,144980.0,"기업개요 동사는 1998년 설립되었으며, 모태인 금성정밀공업은 1976년 자주국방의 기치 아래 설립됨. 2026년 LIG넥스원에서 LIG디펜스앤에어로스페이스로 사명을 변경하였으며, 미국 방산시장 진출을 위해 LIG Defense Americas Inc.를 설립함. 종속회사로 LIG정밀기술, LNGR LLC, 블랑제리길, LIG Defense Americas Inc., LIG Defense U.S. Inc. 등을 보유하고 있음.",방산,0.2254,https://finance.naver.com/item/main.naver?code=079550,NAVER_PUBLIC,OK,2026-09-07,079550,LIG디펜스앤에어로스페이스,,Y,,,,,,1.0678913061301643,6.574060424690052,Public Naver pull; history-dependent fields require BPS history input.,0.6378330539049687,9.019999624965115
10.22,20548.0,9.0,22193.0,1.45,144827.59,210000.0,157500.0,"기업개요 동사는 2001년 현대자동차 그룹의 물류 효율성 추구를 위해 설립되고, 2005년 유가증권시장에 상장됨. 종합물류업(완성차·부품·벌크물류), 유통판매업(CKD부품 공급, 중고차 경매·수출, 비철금속 트레이딩), 해운업(PCTC 완성차 운송, 벌크선 화물 운송)을 영위함. 동사는 37척 LNG 이중연료 자동차선 확보로 저탄소 위치를 선도하고, 배터리 선순환 체계 및 스마트물류솔루션 투자로 지속가능경영을 추진하고 있음.",자동차;유통·물류;금융·보험,0.1532,https://finance.naver.com/item/main.naver?code=086280,NAVER_PUBLIC,OK,2026-09-07,086280,현대글로비스,,Y,,,,,,0.5936976511174424,1.1403904463231076,Public Naver pull; history-dependent fields require BPS history input.,0.5301476051628008,1.4499999620238107
33.31,11527.0,24.0,15750.0,22.18,17312.89,384000.0,143762.0,"기업개요 동사는 2014년 설립되어 2024년 유가증권시장에 상장한 화장품 및 홈뷰티 디바이스 전문 기업임. 화장품 부문에서는 메디큐브, 에이프릴스킨, 포맨트를 운영하고, 홈뷰티 디바이스 부문에서는 메디큐브 에이지알 브랜드의 부스터프로X2를 주력으로 판매하고 있음. 기획-연구개발-생산-판매-사후관리의 밸류체인을 내재화하며, 글로벌피부과학연구원을 통해 제품 안전성 검증과 임상평가를 진행하고 있음.",금융·보험,0.9097,https://finance.naver.com/item/main.naver?code=278470,NAVER_PUBLIC,OK,2026-09-07,278470,에이피알,,Y,,,,,,3.078631008456705,18.31005684204082,Public Naver pull; history-dependent fields require BPS history input.,2.480810540585656,22.18000576449108
17.19,7400.0,16.0,8203.0,4.08,31176.47,127200.0,138828.0,"기업개요 동사는 1977년 창립된 현대자동차그룹 계열 종합기계 기업으로, 종합무기체계·우주발사체 등 디펜스솔루션, 레일솔루션, 에코플랜트 사업을 영위함. 주요 제품으로 K2전차, 차륜형장갑차 등 지상무기체계와 KTX-이음, KTX-청룡 고속전철, 철도차량, 무인항만로봇, 수소충전소 설비 등이 있음. 동사는 AI·무인화 기조에 대응해 미래 기술 확보에 역량을 집중하고 있음.",자동차;방산;건설·인프라,0.2631,https://finance.naver.com/item/main.naver?code=064350,NAVER_PUBLIC,OK,2026-09-07,064350,현대로템,,Y,,,,,,0.80188680758277,5.764603882351016,Public Naver pull; history-dependent fields require BPS history input.,0.5853773695354221,4.0800000769811335
360.87,506.0,565.0,323.0,3.87,47183.46,182600.0,162415.0,"기업개요 동사는 1971년 내화물 제조 및 산업용 노재 정비를 위해 설립되고, 1994년 삼화화성 흡수 합병을 통해 종합 노재회사로 발전함. 2010년 LS엠트론의 음극재 사업부 인수, 2019년 포스코ESM 흡수 합병으로 국내 유일의 음극재와 양극재 동시 생산 기업으로 성장함. 포스코그룹으로서 배터리 소재의 풀 밸류체인을 구축하고, 글로벌 생산 거점을 확대하고 있음.",전력·에너지;배터리;화학·소재,0.0068,https://finance.naver.com/item/main.naver?code=003670,NAVER_PUBLIC,OK,2026-09-07,003670,포스코퓨처엠,,Y,,,,,,2.893344405009722,5.6967166036573,Public Naver pull; history-dependent fields require BPS history input.,2.05639857695896,3.870000207699902
71.75,984.0,96.0,736.0,2.94,24013.61,70600.0,133377.0,"기업개요 동사는 2000년 삼성톰슨CSF로 설립되어 2015년 한화그룹에 합류하였으며, 2019년 유가증권시장에 상장됨. 미국 소재 Hanwha Philly Shipyard Inc.를 주요 종속회사로 확보하여 미국 함정 MRO 시장 진입 및 글로벌 수출 거점을 공고히 하고 있음. 방산부문은 감시정찰, 지휘통제통신, AESA 레이다 포함 항공전자, 수상함 및 잠수함 전투체계, 초소형 관측위성체계, MRO 등을 영위하고 있음.",금융·보험;화학·소재;방산,0.0306,https://finance.naver.com/item/main.naver?code=272210,NAVER_PUBLIC,OK,2026-09-07,272210,한화시스템,,Y,,,,,,0.5940797739282015,2.2620505621603746,Public Naver pull; history-dependent fields require BPS history input.,0.43933419423401976,2.9399994419831086
10.68,5141.0,10.0,5711.0,0.7,78428.57,54900.0,138359.0,"기업개요 동사는 1981년 정보통신사업을 영위할 목적으로 설립되었으며, 1998년 유가증권시장에 상장하였음. 무선통신, 초고속인터넷, IPTV 등 유무선 통신사업을 기반으로 AX(AI Transformation) 역량을 통해 AICT 기업으로 변화해 나가고 있음. 연결대상 종속회사는 78개로 비씨카드를 통한 신용카드사업, 케이티스카이라이프를 통한 위성방송서비스, 케이티에스테이트를 통한 부동산사업 등을 영위하고 있음.",금융·보험;플랫폼·인터넷;가전·TV,0.0728,https://finance.naver.com/item/main.naver?code=030200,NAVER_PUBLIC,OK,2026-09-07,030200,KT,,Y,,,,,,0.41489982540801135,0.6607286094850384,Public Naver pull; history-dependent fields require BPS history input.,0.3735883492456894,0.7000000127504555
20.91,28019.0,15.0,39359.0,2.18,268807.34,586000.0,138689.0,"기업개요 동사는 1970년 금성알프스전자로 설립, 2008년 유가증권시장에 상장 후 2009년 LG마이크론과 합병한 LG그룹 종합 전자부품업체임. 광학솔루션, 패키지솔루션, 모빌리티솔루션 3개 사업부 체제로 카메라모듈, 반도체기판, 모터/센서, 통신모듈 등을 제조·판매함. 국내 구미, 광주, 파주 및 중국, 인도네시아, 폴란드, 멕시코, 베트남에 생산법인을 운영하며 글로벌 네트워크를 구축하고 있음.",금융·보험;반도체,0.1464,https://finance.naver.com/item/main.naver?code=011070,NAVER_PUBLIC,OK,2026-09-07,011070,LG이노텍,,Y,,,,,,0.7038498279102051,1.2611262772809702,Public Naver pull; history-dependent fields require BPS history input.,0.5126348112369252,2.179999995535836
71.14,1819.0,52.0,2475.0,6.64,19487.95,129400.0,126132.0,"기업개요 동사는 1999년 항공기 부품 제조 및 판매를 목적으로 설립되었고, 2011년 유가증권시장에 상장함. 7개의 종속회사를 보유하고 있으며, 2025년 제노코를 자회사로 편입해 항공우주 기술 혁신과 글로벌 시장 진출을 가속화하고 있음. 군용기, 민항기, 헬기, 우주선, 위성체, 발사체 및 부품의 설계, 제조, 판매, 정비 사업을 영위하며, 주요 제품으로 KT-1, T-50, FA-50, KUH, LAH, 송골매 무인기 등이 있음.",금융·보험,0.127,https://finance.naver.com/item/main.naver?code=047810,NAVER_PUBLIC,OK,2026-09-07,047810,한국항공우주,,Y,,,,,,2.4245751862048084,4.984618700273759,Public Naver pull; history-dependent fields require BPS history input.,1.4727049279169948,6.640000615765127
57.78,6957.0,52.0,7740.0,5.83,68953.69,402000.0,110244.0,"기업개요 동사는 2000년 설립된 현대자동차그룹 계열의 IT서비스 전문기업으로, 11개의 비상장 종속회사를 보유하고 있음. IT 컨설팅부터 구축, 운영, 유지보수까지 전 과정을 수행하는 IT서비스업과 차량 SW 플랫폼, 내비게이션 SW 등 차량용 SW 사업을 영위하고 있음. IT서비스 부문은 SI와 ITO로 구분되며, 차량용 SW 부문은 SDV 전환 흐름에 따라 중요성이 지속 확대되고 있음.",자동차;플랫폼·인터넷,0.1122,https://finance.naver.com/item/main.naver?code=307950,NAVER_PUBLIC,OK,2026-09-07,307950,현대오토에버,,Y,,,,,,1.7211551695057943,2.6884710593443226,Public Naver pull; history-dependent fields require BPS history input.,1.3849875184344738,5.829999815818414
31.79,3992.0,28.0,4573.0,1.54,82402.6,126900.0,141310.0,"기업개요 동사는 1950년 토목과 건축공사를 주요 사업목적으로 설립되었으며, 1984년 유가증권시장에 상장함. 현대엔지니어링, 현대스틸산업, 현대도시개발, 현대에코에너지, 송도랜드마크시티 등 48개의 종속회사를 보유하고 있음. 토목, 건축/주택, 플랜트/뉴에너지(석유화학, 가스처리, 원자력, 신재생에너지 등), 기타(부동산 개발, 휴양콘도 운영업 등) 부문을 영위하고 있음.",건설·인프라;금융·보험;전력·에너지,0.0555,https://finance.naver.com/item/main.naver?code=000720,NAVER_PUBLIC,OK,2026-09-07,000720,현대건설,,Y,,,,,,0.4134578277869873,0.8087123464550875,Public Naver pull; history-dependent fields require BPS history input.,0.30945625502107943,1.5399999514578422
7.3,26361.0,8.0,25122.0,0.84,229047.62,192400.0,126022.0,"기업개요 동사는 1962년 한국자동차보험공영사로 출발해 자동차보험을 독점 판매 시작했고, 1983년 동부그룹 인수 후 2017년 DB손해보험으로 사명을 변경했음. 주요 종속회사로 DB생명보험, DB캐피탈, 베트남 DBV Insurance Group 등을 보유하며, 장기보험, 자동차보험, 일반보험 등을 운영하고 있음. 미국을 해외 거점시장으로 집중 공략하고 중국, 인도네시아, 베트남 현지 보험사 지분투자로 글로벌화를 추진하고 있음.",자동차;금융·보험,0.1097,https://finance.naver.com/item/main.naver?code=005830,NAVER_PUBLIC,OK,2026-09-07,005830,DB손해보험,,Y,,,,,,0.28282328364730447,0.5572640309469271,Public Naver pull; history-dependent fields require BPS history input.,0.2340124730394492,0.8399999965072765
5.09,24679.0,5.0,26669.0,0.73,172054.79,125600.0,116676.0,"기업개요 동사는 2004년 LG를 인적분할하여 설립된 지주회사로, GS에너지, GS리테일, GS글로벌 등을 자회사로 두고 있음. 주요 자회사를 통해 정유, 석유화학, LNG, 전력/집단에너지 사업을 영위하고, 소매유통업과 호텔 운영 등의 다양한 포트폴리오를 보유하고 있음. 신규 자회사 GS에이아이인프라를 통해 데이터센터 구축을 검토하고 전기차 충전, 폐배터리 리사이클링, 신재생에너지 등 지속가능한 성장을 추진하고 있음.",전력·에너지;화학·소재;유통·물류,0.155,https://finance.naver.com/item/main.naver?code=078930,NAVER_PUBLIC,OK,2026-09-07,078930,GS,,Y,,,,,,0.23126354110803887,0.291883765630704,Public Naver pull; history-dependent fields require BPS history input.,0.20400478243006195,0.7300000191799367
20.55,64729.0,18.0,75108.0,6.54,203363.91,1330000.0,100189.0,"기업개요 동사는 1961년 설립된 식품 제조기업으로, 1975년 유가증권시장에 상장되었으며, 삼양제분, 삼양로지스틱스 등 15개 종속회사를 보유함. 국내 최초로 라면을 출시하여 식문화 발전에 기여하고, 원주, 익산, 밀양 공장에서 면류, 스낵류, 소스, 냉동식품 등을 제조함. 미주, 일본, 중국, 동남아, 유럽 등지에 판매 법인을 두고 글로벌 사업을 운영하며, 중국은 27년 1월 완공 목표로 현지 생산시설을 건설 중임.",금융·보험;전력·에너지;건설·인프라,0.3693,https://finance.naver.com/item/main.naver?code=003230,NAVER_PUBLIC,OK,2026-09-07,003230,삼양식품,,Y,,,,,,0.5281173045895902,5.802406139811139,Public Naver pull; history-dependent fields require BPS history input.,0.39043309110254615,6.540000140634589
4.01,47636.0,4.0,50012.0,0.81,235679.01,190900.0,106380.0,"기업개요 동사는 2003년 설립된 금융지주회사로, 한국투자증권, 신탁운용, 저축은행, 캐피탈 등 다수 금융계열사를 보유하고 있음. 한국투자증권은 자산관리, IB, 자기자본투자 등 다변화된 수익모델을 구축하였고, 자산운용 계열사들은 ETF, 가치투자, 실물대체투자에서 경쟁력을 확보하고 있음. 동사는 디지털화와 AI 등 새로운 금융환경에 대응하며, 해외 시장에 진출해 글로벌 종합금융그룹으로 성장하고 있음.",금융·보험,0.2122,https://finance.naver.com/item/main.naver?code=071050,NAVER_PUBLIC,OK,2026-09-07,071050,한국금융지주,,Y,,,,,,0.24346673893445156,0.6256815148705862,Public Naver pull; history-dependent fields require BPS history input.,0.2015453136874599,0.8100000080618125
12.32,17700.0,11.0,19631.0,1.31,166412.21,218000.0,99730.0,"기업개요 동사는 2007년 설립된 게임 개발 및 퍼블리싱 기업으로, 2021년 유가증권시장에 상장하였음. 2025년 10월 일본 3대 종합광고회사 ADK 그룹에 투자하였으며, 2025년 7월 애드테크 기업 ㈜넵튠에 투자하는 등 사업 다각화를 추진하고 있음. 글로벌 IP 배틀그라운드를 기반으로 200개국 이상에 게임 서비스를 제공하며, 게임 부문과 광고 부문으로 사업을 영위하고 있음.",금융·보험,0.118,https://finance.naver.com/item/main.naver?code=259960,NAVER_PUBLIC,OK,2026-09-07,259960,크래프톤,,Y,,,,,,1.1874128707262528,2.005862430407,Public Naver pull; history-dependent fields require BPS history input.,0.8929633228234876,1.3100000294449547
19.31,1142.0,17.0,1265.0,1.57,14044.59,22050.0,105205.0,"기업개요 동사는 2016년 준비법인 설립 후 2017년 인터넷전문은행으로 정식 영업을 시작한 국내 대표 인터넷전문은행임. 예·적금, 신용대출, 주택담보대출, 해외송금, 체크카드 등 은행업 서비스와 함께 주식계좌 개설, 대출비교 플랫폼, 제휴 신용카드, 펀드 가입 등 플랫폼 비즈니스를 영위하고 있음. 2026년 1분기 기준 MAU 2,055만명, 고객수 2,727만명 이상을 확보하였으며, 수신 69.4조원, 여신 47.7조원 규모를 달성함.",플랫폼·인터넷;금융·보험,0.0901,https://finance.naver.com/item/main.naver?code=323410,NAVER_PUBLIC,OK,2026-09-07,323410,카카오뱅크,,Y,,,,,,1.5664394617429203,2.093332735238266,Public Naver pull; history-dependent fields require BPS history input.,1.1285484303920583,1.5699995514286995
6.53,4119.0,6.0,4485.0,1.01,26633.66,26900.0,99316.0,"기업개요 동사는 1969년 한보증권으로 설립되고, 2014년 우리투자증권과 NH농협증권 합병을 통해 현재 NH투자증권으로 출범함. 투자매매업, 투자중개업, 신탁업 등을 영위하며, 자산관리, 기업금융 및 M&A 자문, 상품운용과 자본 투자로 구성됨. Retail 성장동력 확보 위해 IMA 사업자 인가 추진 중이며, 대체거래소 넥스트레이드 설립 등 자본시장 선진화에 대응하고 있음.",금융·보험,0.1684,https://finance.naver.com/item/main.naver?code=005940,NAVER_PUBLIC,OK,2026-09-07,005940,NH투자증권,,Y,,,,,,0.36742978621789124,0.7480008380372807,Public Naver pull; history-dependent fields require BPS history input.,0.3206468806765574,1.0100001276580086
-693.0,,33.0,909.0,1.07,28364.49,30350.0,111754.0,"기업개요 동사는 1962년 대한항공공사로 설립되어 1969년 민영 전환되었으며, 2026년 6월말 기준 연결대상 종속회사 28개사를 보유하고 있음. 아시아나항공, 진에어 등 항공운송 계열사와 한국공항 등 지상조업 계열사, 한진정보통신 등 IT서비스 계열사를 두고 있음. 동사는 총 165대 항공기를 보유하고 국내 10개, 해외 38개국 106개 도시에 취항하여 여객·화물사업을 영위하며, 항공우주사업을 통해 시너지 효과를 창출하고 있음.",,0.032,https://finance.naver.com/item/main.naver?code=003490,NAVER_PUBLIC,OK,2026-09-07,003490,대한항공,,Y,,,,,,0.7809059849128258,0.9349718609430312,Public Naver pull; history-dependent fields require BPS history input.,0.6821910071360352,1.0699998484019984
23.37,13543.0,15.0,20817.0,1.64,192987.8,316500.0,98748.0,"기업개요 동사는 1962년 한국케이블공업주식회사로 설립되어 1977년 상장되었으며, 현재 순수지주회사로서 자회사의 사업을 지배하고 있음. 주요 자회사로 LS전선, LS일렉트릭, LS엠앤엠, LS엠트론, LS아이앤디 등이 있으며, 이들 사업부문을 핵심사업으로 영위하고 있음. 동사는 LS 상표권 소유자로서 브랜드 가치 제고 활동을 수행하고 자회사 배당금 및 브랜드 사용수수료 등을 주요 수입원으로 하고 있음.",,0.1079,https://finance.naver.com/item/main.naver?code=006260,NAVER_PUBLIC,OK,2026-09-07,006260,LS,,Y,,,,,,0.3376379232262351,0.9370540521214297,Public Naver pull; history-dependent fields require BPS history input.,0.2476840504943836,1.6400000414533977
11.62,4709.0,10.0,5227.0,1.33,41127.82,54700.0,96229.0,"기업개요 동사는 2000년 ㈜대우 무역부문 인적분할로 설립되었으며, 국내외 44개 종속회사를 보유한 글로벌 종합사업회사임. 127개 해외 네트워크를 통해 철강, 전기차 부품, 이차전지소재, 팜오일 등 소재사업과 LNG터미널, 신재생에너지 등 에너지사업을 영위하고 있음. 2025년 구동모터코아 해외 생산기지 준공, 인도네시아 팜오일 기업 인수 등 투자를 확대하며 LNG Full Value Chain 에너지 전문 기업으로 도약하고 있음.",배터리;화학·소재;전력·에너지,0.1271,https://finance.naver.com/item/main.naver?code=047050,NAVER_PUBLIC,OK,2026-09-07,047050,포스코인터내셔널,,Y,,,,,,0.556557580732458,1.389327224248696,Public Naver pull; history-dependent fields require BPS history input.,0.4352285144216251,1.3299999854113347
28.42,7459.0,27.0,7859.0,10.65,19906.1,212000.0,95046.0,"기업개요 동사는 2016년 현대중공업의 조선, 엔진, 전기전자 사업부 AS사업 양수로 설립되어, 2024년 유가증권시장에 상장함. HD현대그룹 건조 선박에 대해 독점적 정품 AS 사업자 지위를 보유하고 유럽/미주/싱가포르/중동에 해외법인을 운영하고 있음. 신조선 인도 이후 선박 생애주기 전반의 서비스를 제공하며, AM솔루션, 벙커링, 친환경솔루션, 디지털솔루션을 영위하고 있음.",조선·해양;금융·보험,0.3948,https://finance.naver.com/item/main.naver?code=443060,NAVER_PUBLIC,OK,2026-09-07,443060,HD현대마린솔루션,,Y,,,,,,6.987807757421092,10.539482872084438,Public Naver pull; history-dependent fields require BPS history input.,5.1692697213417,10.650001758255009
14.19,3383.0,13.0,3777.0,1.88,25531.91,48000.0,94080.0,"기업개요 동사는 1970년 플랜트 건설, 산업기계 제작판매, 기술서비스, 환경오염방지시설 등을 목적으로 설립되었으며, 1996년 유가증권시장에 상장함. 타당성 검토부터 파이낸싱, 설계, 구매, 시공, 시운전, O&M 등 플랜트 전 분야의 종합 솔루션을 제공하는 글로벌 EPC 전문기업임. 사업부문은 화공(오일&가스, 정유, 석유화학), 첨단산업(산업설비, 바이오플랜트), New Energy(LNG, 청정에너지, ECO)로 구분하고 있음.",건설·인프라;금융·보험;전력·에너지,0.1479,https://finance.naver.com/item/main.naver?code=028050,NAVER_PUBLIC,OK,2026-09-07,028050,삼성E&A,,Y,,,,,,0.8749835010385044,1.14836688677032,Public Naver pull; history-dependent fields require BPS history input.,0.6415501229637736,1.8800003603334023
5.35,16386.0,5.0,19107.0,0.96,91354.17,87700.0,78316.0,"기업개요 동사는 1992년 삼성그룹에 편입되어 국제증권에서 삼성증권주식회사로 상호를 변경하였으며, 1988년 유가증권시장에 상장하였음. 국내 자회사 1개(삼성선물), 해외 자회사 3개(홍콩, 런던, 뉴욕), 해외사무소 2개를 두고 영업활동을 영위하고 있음. 동사는 자본시장과 금융투자업에 관한 법률에 의거하여 투자매매업, 투자중개업, 투자자문업, 투자일임업, 신탁업을 영위하고 있음.",금융·보험,0.2092,https://finance.naver.com/item/main.naver?code=016360,NAVER_PUBLIC,OK,2026-09-07,016360,삼성증권,,Y,,,,,,0.3901299743624183,0.8056556148449491,Public Naver pull; history-dependent fields require BPS history input.,0.3316761566549179,0.959999964971495
6.68,9792.0,6.0,10383.0,0.59,110847.46,65400.0,81014.0,"기업개요 동사는 2012년 한국타이어월드와이드(現 한국앤컴퍼니)의 타이어 부문이 인적분할되어 설립된 글로벌 자동차 부품 기업임. 타이어 제조/판매, 자동차용 열 에너지 관리 시스템 부품 제조/판매, 일반기계·금형·프로토타입 제조/판매의 기타 사업부문으로 구성되어 있음. 타이어 부문은 국내 시장점유율 1위와 Global Top 10 이내 위치를 유지하고 있으며, 자동차 열 관리 시스템 부문은 국내 공조제품 시장 업계 1위를 지키고 있음.",전장부품;자동차;전력·에너지,0.0937,https://finance.naver.com/item/main.naver?code=161390,NAVER_PUBLIC,OK,2026-09-07,161390,한국타이어앤테크놀로지,,Y,,,,,,0.32107185857032716,0.48318653399906514,Public Naver pull; history-dependent fields require BPS history input.,0.281016813556215,0.5899999873700308
33.99,4142.0,26.0,5430.0,1.74,80919.54,140800.0,82357.0,"기업개요 동사는 2006년 (주)아모레퍼시픽그룹을 인적분할해 설립된 화장품 제조 및 판매 기업으로, 31개 종속회사를 보유하고 2024년 코스알엑스 인수로 글로벌 역량 강화함. 설화수, 헤라, 라네즈 등 럭셔리·프리미엄 브랜드와 려, 미쟝센 등 H&B 브랜드를 전개하고 있음. 판매 경로는 국내 39%, 면세 13%, 해외 48%로 구성되며, 미주·EMEA 중심의 글로벌 리밸런싱 전략과 브랜드별 핵심 제품 육성으로 경쟁력 강화함.",,0.0671,https://finance.naver.com/item/main.naver?code=090430,NAVER_PUBLIC,OK,2026-09-07,090430,아모레퍼시픽,,Y,,,,,,1.4574971632315261,1.8828579598944832,Public Naver pull; history-dependent fields require BPS history input.,1.130752844121457,1.740000004943182
-453.0,,,,3.0,49633.33,148900.0,99409.0,"기업개요 동사는 2013년 ㈜대한항공으로부터 인적분할 방식으로 설립된 지주회사로, 주요자회사로 ㈜대한항공, ㈜한진을 보유하고 있음. 주요자회사 ㈜대한항공은 여객·화물·항공우주사업을 영위하며 국내외 항공운송 서비스를 제공하고, ㈜한진은 택배·물류·글로벌·에너지사업을 통해 종합물류 서비스를 제공함. 주요종속회사 ㈜칼호텔네트워크는 특1급 호텔을 운영하고, 정석기업㈜는 빌딩 종합관리 및 부동산 임대사업을 영위하고 있음.",유통·물류;전력·에너지,0.138,https://finance.naver.com/item/main.naver?code=180640,NAVER_PUBLIC,OK,2026-09-07,180640,한진칼,,Y,,,,,,0.9175286042665282,2.2255206330101167,Public Naver pull; history-dependent fields require BPS history input.,0.7122230162674961,3.000000201477515
40.87,2738.0,30.0,3712.0,9.56,11705.02,111900.0,82144.0,"기업개요 동사는 1972년 설립되어 2003년 유가증권시장에 상장된 PCB 전문 제조기업임. 고다층 MLB PCB를 주요 생산하며, 전체 매출의 97% 이상을 수출로 구성하고 AI 가속기·서버·네트워크 스위치 등 데이터센터용 초고다층 PCB를 글로벌 대기업에 공급하고 있음. 다중적층 기술 경쟁력 강화를 위해 5공장 증설 투자를 진행하고 중국·태국 법인 중심으로 생산거점을 최적화하며 글로벌 공급망 안정성을 확보하고 있음.",금융·보험,0.3171,https://finance.naver.com/item/main.naver?code=007660,NAVER_PUBLIC,OK,2026-09-07,007660,이수페타시스,,Y,,,,,,0.593027606958382,6.15291558664573,Public Naver pull; history-dependent fields require BPS history input.,0.2824429176541347,9.560000751814178
-8743.0,,41.0,4370.0,2.24,80714.29,180800.0,77937.0,"기업개요 동사는 2005년 설립된 엔터테인먼트 기업으로, 2020년 유가증권시장에 상장하였음. 한국, 일본, 미국, 멕시코 등에 16개 독립 레이블을 운영하며, 방탄소년단, 세븐틴, 투모로우바이투게더, 엔하이픈, 르세라핌, 뉴진스 등 글로벌 아티스트를 보유하고 있음. 매출은 음반·음원, 공연, 광고·출연료, MD 및 라이선싱, 콘텐츠, 팬클럽 등으로 구분되며, 음악, 플랫폼, 테크기반 미래성장 세 가지 주요 영역으로 사업을 운영하고 있음.",금융·보험;플랫폼·인터넷,0.0541,https://finance.naver.com/item/main.naver?code=352820,NAVER_PUBLIC,OK,2026-09-07,352820,하이브,,Y,,,,,,2.2746901447067183,3.544601581702571,Public Naver pull; history-dependent fields require BPS history input.,1.3938052357271558,2.2399998810619532
-881.0,,15.0,1940.0,0.58,51120.69,29650.0,66680.0,"기업개요 동사는 1965년 한국화성공업을 전신으로, 1974년 한양화학지주를 설립하였으며, 현재 429개의 종속회사를 보유한 종합 에너지·화학 기업임. 기초소재, 신재생에너지, 가공소재, 전자소재 및 부동산 개발 등 다양한 부문으로 구성됨. 북미 최초 통합생산단지 '솔라허브' 구축, AEM 수전해 기술개발 및 VPP 사업 등을 통해 Total Energy Solution Provider로의 전환을 가속하고 있음.",화학·소재;전력·에너지,0.0379,https://finance.naver.com/item/main.naver?code=009830,NAVER_PUBLIC,OK,2026-09-07,009830,한화솔루션,,Y,,,,,,0.5005253254602001,0.9126089651763309,Public Naver pull; history-dependent fields require BPS history input.,0.285070487115882,0.5799999960876897
4.27,63844.0,4.0,69417.0,1.03,264563.11,272500.0,71472.0,"기업개요 동사는 2000년 자본시장과 금융투자업법에 의해 설립된 최초의 온라인 종합증권사로, 2004년 코스닥 상장 후 2009년 유가증권시장으로 이전함. 저비용 고효율 사업구조와 최대 온라인 고객 기반을 바탕으로 2005년 이후 주식 위탁매매 시장점유율 1위를 유지하고 있음. 투자매매업, 투자중개업 등 금융투자업을 영위하며, 키움저축은행 등 197개 종속회사를 보유하고 있음.",금융·보험,0.2624,https://finance.naver.com/item/main.naver?code=039490,NAVER_PUBLIC,OK,2026-09-07,039490,키움증권,,Y,,,,,,0.3503889865824453,0.9385284290013072,Public Naver pull; history-dependent fields require BPS history input.,0.2645871527591281,1.0299999875266057
15.36,4969.0,16.0,4903.0,2.43,31399.18,76300.0,73923.0,"기업개요 동사는 1987년 설립된 LG그룹 IT서비스 계열사로 19개 비상장 종속회사를 보유하고 있으며, 2025년 유가증권시장에 상장할 계획임. 클라우드&AI, 스마트 엔지니어링, Digital Business Service 영역의 IT서비스를 영위하며, 기업의 디지털 혁신 서비스를 제공하고 있음. 제조, 물류, 시티 등 스마트 엔지니어링 분야에서 DX 추진 및 로봇 사업 확장을 통해 RX 분야 선도 입지를 다지고 있음.",금융·보험;유통·물류,0.1562,https://finance.naver.com/item/main.naver?code=064400,NAVER_PUBLIC,OK,2026-09-07,064400,LG씨엔에스,,Y,,,,,,1.7605555304310496,2.3612081589391822,Public Naver pull; history-dependent fields require BPS history input.,1.53984912981804,2.4299997643250557
10.22,9563.0,10.0,10166.0,1.79,54581.01,97700.0,69139.0,"기업개요 동사는 1989년 설립되어 정수기, 가정용 기기 제조·판매 사업을 영위하고, 2001년 유가증권시장에 상장됨. 말레이시아, 미국, 중국 등에 해외 종속회사를 두고 수처리기기, 가구류, 화장품 사업을 운영하고 있음. 정수기, 공기청정기, 비데 등 환경가전 전문기업으로 1998년 업계 최초 렌탈 비즈니스 도입과 코디를 통한 차별화된 서비스로 국내 최고 위치를 점하고 있음.",금융·보험;가전·TV,0.1863,https://finance.naver.com/item/main.naver?code=021240,NAVER_PUBLIC,OK,2026-09-07,021240,코웨이,,Y,,,,,,1.0095086184737145,1.597991682455125,Public Naver pull; history-dependent fields require BPS history input.,0.7502609424046934,1.7899998552610148
27.57,2927.0,38.0,2112.0,2.53,31897.23,80700.0,59407.0,"기업개요 동사는 1926년 설립된 국내 대표 제약기업으로, 1962년 유가증권시장에 상장했음. 주요 종속회사로 유한화학과 와이즈메디가 있으며, 의약품, 화학약품, 공업약품, 수의약품, 생활용품 등의 제조 및 판매를 영위하고 있음. 약품사업부문에서는 비소세포폐암 치료제 렉라자 등을, 헬스케어사업부문에서는 유한락스 등 생활용품을, 해외사업부문에서는 에이즈·C형간염 치료제 원료의약품 수출을 담당하고 있음.",바이오·제약;금융·보험;화학·소재,0.0662,https://finance.naver.com/item/main.naver?code=000100,NAVER_PUBLIC,OK,2026-09-07,000100,유한양행,,Y,,,,,,1.6773306020616838,3.558302711552069,Public Naver pull; history-dependent fields require BPS history input.,1.5152412921121992,2.530000253940546
16.6,5120.0,20.0,4176.0,6.51,13056.84,85000.0,66566.0,"기업개요 동사는 2011년 SK 주식회사 Life Science 사업부문에서 물적분할로 설립된 신약개발 전문기업으로, 2020년 유가증권시장에 상장함. 중추신경계 분야, 특히 뇌전증 치료제 개발에 집중하며, 자체 개발한 뇌전증 치료 신약 세노바메이트와 수면장애 신약 솔리암페톨을 미국 FDA 승인을 받아 출시함. 미국 시장 직접 판매 외에 유럽, 중국, 일본, 한국 등 글로벌 주요 지역에 기술수출 계약 체결하고 있음.",바이오·제약;금융·보험,0.3198,https://finance.naver.com/item/main.naver?code=326030,NAVER_PUBLIC,OK,2026-09-07,326030,SK바이오팜,,Y,,,,,,5.932522723721819,7.9667055734771965,Public Naver pull; history-dependent fields require BPS history input.,4.174057428903165,6.509997824894844
-1362.0,,14.0,1361.0,2.0,9205.0,18410.0,75648.0,"기업개요 동사는 2000년 (주)대우의 건설부문이 인적분할 방식으로 신설법인으로 설립되었으며, 현재 30개의 연결대상 종속회사를 보유하고 있음. 동사는 도로, 철도 등 사회기반시설을 건설하는 토목사업과 아파트, 오피스텔, 오피스 등을 건설하는 건축사업, Oil&Gas 관련 시설 및 발전소, 산업설비를 건설하는 플랜트사업을 영위하고 있음. 종속회사를 통해 호텔사업, 강교 및 철골사업, 해외개발사업 등을 수행하고 있음.",건설·인프라;전력·에너지,0.1479,https://finance.naver.com/item/main.naver?code=047040,NAVER_PUBLIC,OK,2026-09-07,047040,대우건설,,Y,,,,,,0.40499728408473656,0.666811515480717,Public Naver pull; history-dependent fields require BPS history input.,0.3389462248777838,2.0
12.11,1246.0,9.0,1729.0,0.71,21253.52,15090.0,64046.0,"기업개요 동사는 1996년 무선통신업을 영위할 목적으로 설립되었으며, 2019년 LG헬로비전 지분 50%+1주를 취득하여 유료방송 시장 통합 추세에 대응하고 있음. 주요종속회사로 방송통신서비스의 LG헬로비전, 미디어 및 MVNO 사업의 미디어로그, 전기차 충전 인프라 사업의 LG유플러스볼트업을 보유하고 있음. 동사는 모바일, 스마트홈, 기업인프라 등의 사업을 영위하며 5G 기술을 바탕으로 미래 성장동력을 발전시키고 있음.",건설·인프라;스마트폰;전력·에너지,0.0814,https://finance.naver.com/item/main.naver?code=032640,NAVER_PUBLIC,OK,2026-09-07,032640,LG유플러스,,Y,,,,,,0.48133203347022047,0.6956024225634154,Public Naver pull; history-dependent fields require BPS history input.,0.4512193744847912,0.7100000376408238
16.16,8601.0,7.0,18931.0,0.92,151086.96,139000.0,74127.0,"기업개요 동사는 1952년 설립되어 1976년 유가증권시장에 상장된 기업으로, 화약제조업을 기반으로 사업을 확장해 왔음. 방산ㆍ조선ㆍ해양ㆍ에너지ㆍ금융 등의 사업부문에 보다 전문화된 사업적 역량, 투자 재원 등을 집중하여 사업적 전문성 및 고도화를 추구함. 화약제조업 부문에서는 산업용 화약, 방산, 항공엔진 등을, 금융업 부문에서는 생명보험, 손해보험, 금융투자 등을 운영하고 있음.",금융·보험;방산;조선·해양,0.1253,https://finance.naver.com/item/main.naver?code=000880,NAVER_PUBLIC,OK,2026-09-07,000880,한화,,Y,,,,,,0.21396949147696137,0.6667948047932132,Public Naver pull; history-dependent fields require BPS history input.,0.1759913628548751,0.9199999788201444
72.03,649.0,47.0,994.0,3.21,14563.86,46750.0,63239.0,"기업개요 동사는 2017년 ㈜카카오 핀테크사업부를 분사하여 설립된 핀테크 기업으로, 2014년 국내 최초 간편결제 서비스를 론칭하며 핀테크 시장을 선도하고 있음. 주요 종속회사로 카카오페이증권, 카카오페이손해보험 등 4개사를 보유하고 있음. 카카오페이 플랫폼을 통해 결제서비스, 금융서비스(대출비교, 투자, 보험) 및 플랫폼서비스(광고, 카드추천, 통신중개)를 영위하고 있음.",금융·보험;플랫폼·인터넷,0.0683,https://finance.naver.com/item/main.naver?code=377300,NAVER_PUBLIC,OK,2026-09-07,377300,카카오페이,,Y,,,,,,2.250776923150868,4.494687534760702,Public Naver pull; history-dependent fields require BPS history input.,1.5037222274863944,3.2100006454332846
12.26,5197.0,10.0,6133.0,0.78,81666.67,63700.0,61060.0,"기업개요 동사는 2014년 설립되어 2016년 상장된 외국기업지배지주회사로, 북미, 유럽, 아시아 등 26개 종속회사를 보유하고 있음. 연결기준으로 Compact Equipment, Portable Power, Material Handling 제품군과 건설·산업기계용 유압기기를 생산·판매하고 있음. 신제품 개발, 환경규제 대응, IT 기술 응용 등 R&D를 지속하며, 콤팩트 트랙터 출시 및 모어 사업 인수로 포트폴리오를 다각화하고 있음.",건설·인프라,0.0751,https://finance.naver.com/item/main.naver?code=241560,NAVER_PUBLIC,OK,2026-09-07,241560,두산밥캣,,Y,,,,,,0.4743673275768438,0.7011428285247826,Public Naver pull; history-dependent fields require BPS history input.,0.3489795775926703,0.7799999681632667
10.82,12944.0,11.0,12885.0,1.36,102941.18,140000.0,67090.0,"기업개요 동사는 2017년 현대중공업 건설장비사업부문이 인적분할해 설립되었고, 2026년 HD현대인프라코어를 흡수합병해 시너지와 주주가치 극대화를 추진하고 있음. 지배기업 HD건설기계와 종속기업 25개사는 건설기계 및 부품을 제작·판매하며, 국내외에서 생산·마케팅·판매 활동을 하고 있음. 건설기계 핵심부품 개발과 배기·연비규제 선도 엔진 개발에 주력하며, 전기 굴착기 등 친환경 제품 개발로 시장경쟁력을 확대하고 있음.",건설·인프라,0.1252,https://finance.naver.com/item/main.naver?code=267270,NAVER_PUBLIC,OK,2026-09-07,267270,HD건설기계,,Y,,,,,,0.4266514139433802,0.9038171118691276,Public Naver pull; history-dependent fields require BPS history input.,0.31085713219918404,1.3599999533714302
8.71,5358.0,9.0,5262.0,0.57,81842.11,46650.0,54048.0,"기업개요 동사는 1983년 설립된 여신전문금융회사로, 삼성생명보험을 지배기업으로 하며 약 1,352만명의 신용카드회원과 306만개의 가맹점을 기반으로 카드사업을 하고 있음. 카드사업은 신용카드 서비스와 카드대출을, 할부리스사업은 자동차·내구재 할부금융과 오토리스·장기렌터카 서비스를 제공함. 동사는 창의적 카드상품과 개인화 마케팅을 추진하고, 업계 최초 365일 카드 심사·발급 체계 도입 등 디지털 혁신을 통해 시장을 선도하고 있음.",금융·보험;자동차,0.0643,https://finance.naver.com/item/main.naver?code=029780,NAVER_PUBLIC,OK,2026-09-07,029780,삼성카드,,Y,,,,,,0.3781671806848577,0.5938263321901159,Public Naver pull; history-dependent fields require BPS history input.,0.348231491099142,0.5699999670096482
28.07,16942.0,24.0,20087.0,4.3,110581.4,475500.0,60916.0,"기업개요 동사는 2010년 한미사이언스의 의약품 제조 및 판매 사업부문을 인적분할하여 설립되었음. 연결대상 종속회사로는 원료의약품 전문회사 한미정밀화학, 중국 현지법인 북경한미약품유한공사, HS North America Ltd. 등 국내외 4개사를 보유하고 있음. 의약품 제조 및 판매를 주 목적사업으로 하며, 주요 제품으로는 복합고혈압치료제 '아모잘탄', 복합고지혈증치료제 '로수젯', 역류성식도염치료제 '에소메졸' 등이 있음.",바이오·제약;화학·소재,0.1816,https://finance.naver.com/item/main.naver?code=128940,NAVER_PUBLIC,OK,2026-09-07,128940,한미약품,,Y,,,,,,2.347984380736724,3.1732280473931427,Public Naver pull; history-dependent fields require BPS history input.,1.9953898214347079,4.299999819137757
-82.0,,59.0,489.0,2.97,9646.46,28650.0,56151.0,"기업개요 동사는 1941년에 대한민국 최초의 조선전선으로 시작하여 1955년 종합 전선회사로 설립되었음. 2025년 해저케이블 포설선 확보 및 시공법인 인수로 설계·제조·포설 일괄 수행체계를 구축하고, 초고압케이블, 전력선 등 생산·판매하며 해외시장을 확장하고 있음. 동사는 500kV급 지중 초고압 전력케이블 턴키역량을 보유하고 525kV HVDC 케이블 국제인증 및 해저케이블 설비 투자로 기술 경쟁력을 강화하고 있음.",조선·해양;전력·에너지,0.0507,https://finance.naver.com/item/main.naver?code=001440,NAVER_PUBLIC,OK,2026-09-07,001440,대한전선,,Y,,,,,,1.2334058297033317,2.0281636994296357,Public Naver pull; history-dependent fields require BPS history input.,0.9087271392821824,2.9700014305766054
33.66,5909.0,28.0,6983.0,9.16,21713.97,198900.0,60948.0,"기업개요 동사는 1994년 산일전기 주식회사로 설립되었으며, 2024년 7월 유가증권시장에 상장하였음. 종속회사로 산일파트너스(주)를 보유하고 있으며, 2024년부터 2028년까지 중소기업 적용 유예기간으로 해당 기간까지 중소기업으로 간주됨. 동사는 전력기기 제조업과 신재생 에너지 사업을 영위하고 있으며, 주요 제품인 변압기가 당기 누적 매출의 96%를 차지하고 있음.",금융·보험;전력·에너지,0.3216,https://finance.naver.com/item/main.naver?code=062040,NAVER_PUBLIC,OK,2026-09-07,062040,산일전기,,Y,,,,,,2.694118118427906,7.244184273995036,Public Naver pull; history-dependent fields require BPS history input.,1.365480379681836,9.16000160265488
8.22,3821.0,8.0,3969.0,0.96,32708.33,31400.0,58567.0,"기업개요 동사는 2013년 전북은행을 주식의 포괄적 이전 방식으로 설립한 금융지주회사로, 자회사에 대한 경영관리 및 자금지원 업무를 영위하고 있음. 자회사로 전북은행, 광주은행, JB우리캐피탈, JB자산운용, JB인베스트먼트가 있으며, 손자회사로 캄보디아 PPCBank, 베트남 JBSV 등을 보유하고 있음. 동사는 수익구조 다변화를 위해 동남아시아 해외진출을 추진하고, 핀다, 한패스 등과의 전략적 제휴를 통해 시너지를 강화하고 있음.",금융·보험,0.1213,https://finance.naver.com/item/main.naver?code=175330,NAVER_PUBLIC,OK,2026-09-07,175330,JB금융지주,,Y,,,,,,0.2580382428574005,0.7010446574313027,Public Naver pull; history-dependent fields require BPS history input.,0.21278983060278528,0.9600000978344049
11.6,10602.0,10.0,12079.0,1.2,102500.0,123000.0,48620.0,"기업개요 동사는 2017년 오리온홀딩스에서 음·식료품 사업에 집중하기 위해 분할되어 설립된 법인임. 비스킷, 파이, 껌, 초콜릿, 스낵 등 과자류를 익산, 청주 공장에서 생산하여 국내외에 판매하고 있으며, 해외사업은 수출과 현지법인을 통한 생산·판매를 함께하고 있음. 중국, 베트남, 러시아, 인도에서 여러 법인을 운영 중이며, 초코파이, 포카칩 등의 강력한 브랜드를 보유하고 있음.",,0.1178,https://finance.naver.com/item/main.naver?code=271560,NAVER_PUBLIC,OK,2026-09-07,271560,오리온,,Y,,,,,,0.944390243902439,1.2226341463414634,Public Naver pull; history-dependent fields require BPS history input.,0.8136585365853658,1.2
111.22,1996.0,23.0,9823.0,1.01,219801.98,222000.0,41447.0,"기업개요 동사는 1959년 설립, 1976년 상장 후 2023년 OCI(주)로 인적분할하고 OCI 홀딩스(주)를 출범하여 지주회사로 전환함. 128개 종속회사와 기초 화학소재의 OCI(주), 태양광용 폴리실리콘의 OCI TerraSus 등 주요 자회사를 보유하고 있음. 지주회사로서 자회사 지분 관리 및 투자, 다양한 사업 통해 안정적 현금 흐름 확보와 신규 사업 발굴에 주력하고 있음.",화학·소재,0.0447,https://finance.naver.com/item/main.naver?code=010060,NAVER_PUBLIC,OK,2026-09-07,010060,OCI홀딩스,,Y,,,,,,0.34107154084781216,0.49141777521749347,Public Naver pull; history-dependent fields require BPS history input.,0.2629639642008684,1.01000000090991
7.78,28673.0,10.0,21785.0,1.23,181300.81,223000.0,48043.0,"기업개요 동사는 1997년 설립된 한국의 대표 게임사로, 2003년 유가증권시장에 상장하며 ArenaNet 등 여러 계열사를 보유하고 있음. 2025년 JustPlay, Lihuhu, 스프링컴즈 등 국내외 모바일 캐주얼 플랫폼 및 개발사를 인수해 사업 확장함. PC/모바일 게임 개발 및 서비스를 진행하며, 주요 PC 게임으로 리니지, 아이온, 길드워2 등이 있고, 모바일 게임으로 리니지M, 리니지2M, 리니지W 등을 서비스하고 있음.",금융·보험;스마트폰;플랫폼·인터넷,0.1202,https://finance.naver.com/item/main.naver?code=036570,NAVER_PUBLIC,OK,2026-09-07,036570,NC,,Y,,,,,,1.0601166095176298,2.3303812045848002,Public Naver pull; history-dependent fields require BPS history input.,0.763923779491112,1.230000020408072
4.82,1223.0,5.0,1302.0,0.27,21814.81,5890.0,51156.0,"기업개요 동사는 1946년 설립된 국내 대표 생명보험사로, 한화금융네트워크의 지주회사 역할을 하고 있음. 생명보험업을 핵심으로 보장성·저축성·단체보험 등 다양한 보험상품을 제공하며, 손해보험, 자산운용, 증권 등 종합금융서비스를 영위하고 있음. 베트남·인도네시아 현지법인과 미국 증권사 인수를 통해 글로벌 사업을 확대하고, 한화생명금융서비스로 강력한 판매 네트워크를 구축하고 있음.",금융·보험,0.0597,https://finance.naver.com/item/main.naver?code=088350,NAVER_PUBLIC,OK,2026-09-07,088350,한화생명,,Y,,,,,,0.11460104396967014,0.1517317822158433,Public Naver pull; history-dependent fields require BPS history input.,0.09259764352749347,0.27000005959254286
-2704.0,,149.0,62.0,0.73,12616.44,9210.0,46050.0,"기업개요 동사는 1985년 금성소프트웨어로 설립되었고, 1998년 LG전자와 LG반도체로부터 LCD사업을 이관받아 TFT-LCD 및 OLED 제품의 생산 및 판매를 영위하고 있음. 동사는 2025년 LG Display China와 Guangzhou 지분 매각을 완료하며, 19개의 연결대상 종속회사를 보유하고 있음. 동사는 TV, IT, Mobile 등 사업에서 글로벌 협업을 강화하고 있음.",반도체;디스플레이;가전·TV,0.0049,https://finance.naver.com/item/main.naver?code=034220,NAVER_PUBLIC,OK,2026-09-07,034220,LG디스플레이,,Y,,,,,,0.8117979398308873,1.168475417788219,Public Naver pull; history-dependent fields require BPS history input.,0.6348859107640507,0.7299999048860059
-4342.0,,22.0,13605.0,0.87,336781.61,293000.0,43878.0,"기업개요 동사는 2001년 LG화학에서 분할 신설되고 상장함. Beauty, HDB, Refreshment 사업부문으로 구분되며, 화장품은 '더후', '숨37˚', 생활용품은 '엘라스틴', 음료는 '코카콜라' 등을 다룸. 과학적 R&D 역량을 바탕으로 'Science-driven Beauty & Wellness Company'를 지향하고, 2025년까지 뷰티 디바이스 영역을 확장하고 있음.",화학·소재,0.0404,https://finance.naver.com/item/main.naver?code=051900,NAVER_PUBLIC,OK,2026-09-07,051900,LG생활건강,,Y,,,,,,0.8827679159797354,2.0583071623180373,Public Naver pull; history-dependent fields require BPS history input.,0.6383959029116821,0.8699999979215017
-794.0,,,,13.86,5079.37,70400.0,45633.0,"기업개요 동사는 2015년 설립된 협동로봇 제조 전문기업으로 2023년 유가증권시장에 상장함. 2025년 미국 로봇 자동화 시스템 기업 ONExia 인수 및 북미법인 Doosan Robotics Americas, LLC와의 합병으로 북미 시장 공략을 본격화하고 있음. 협동로봇 사업부문과 EOL 솔루션 및 맞춤형 자동화 시스템(CMI)을 운영하며, 2020년 6개 모델 추가 출시로 최대 라인업을 보유하고 있음.",금융·보험,-0.1382,https://finance.naver.com/item/main.naver?code=454910,NAVER_PUBLIC,OK,2026-09-07,454910,두산로보틱스,,Y,,,,,,12.107800770568003,17.18717084992824,Public Naver pull; history-dependent fields require BPS history input.,6.359056339664171,13.859986573138007
6.58,2401.0,6.0,2557.0,0.44,35909.09,15800.0,48480.0,"기업개요 동사는 2011년 부산은행, BNK투자증권, BNK신용정보, BNK캐피탈이 주식 포괄적 이전 방식으로 설립한 금융지주회사임. 2014년 경남은행, 2015년 BNK자산운용, 2019년 BNK벤처투자를 자회사로 편입해 비은행부문 포트폴리오를 강화함. 주요 자회사로 부산은행과 경남은행은 은행업, BNK캐피탈은 여신전문업, BNK투자증권은 투자매매·중개업, BNK자산운용은 집합투자업, BNK저축은행은 저축은행업을 영위하고 있음.",금융·보험,0.0712,https://finance.naver.com/item/main.naver?code=138930,NAVER_PUBLIC,OK,2026-09-07,138930,BNK금융지주,,Y,,,,,,0.191873422579074,0.4044101368205099,Public Naver pull; history-dependent fields require BPS history input.,0.16764557386444492,0.4400000111392408
-8250.0,,-81.0,-1409.0,5.82,19673.54,114500.0,46583.0,"기업개요 동사는 2000년 설립된 2차전지 양극활물질 전문 제조기업으로, 2003년 코스닥시장 상장 후 2024년 유가증권시장으로 이전상장함. LS그룹과 전구체 합작법인 LLBS를 설립하여 원재료 조달 안정성 및 공급망 경쟁력을 강화하고 있음. 니켈 함량 95% 수준의 하이니켈 NCMA 제품을 세계 최초로 개발·양산하여 고에너지밀도 제품 시장에서 기술 경쟁력을 확보하고 있음.",배터리;금융·보험;전력·에너지,-0.0716,https://finance.naver.com/item/main.naver?code=066970,NAVER_PUBLIC,OK,2026-09-07,066970,엘앤에프,,Y,,,,,,4.741393770516135,11.30554033488635,Public Naver pull; history-dependent fields require BPS history input.,2.4398252678470675,5.8199998576768595
3.85,13238.0,4.0,13025.0,0.62,82258.06,51000.0,43476.0,"기업개요 동사는 1955년 해상보험 전업회사로 창립하여 현재 44개의 비상장 종속회사를 보유하고 있음. 보험업법에 따라 손해보험업, 제3보험업을 주로 영위하며, 종속회사를 통해 온라인자동차보험, 자산운용, 손해사정서비스, IT서비스를 수행하고 있음. 동사는 매출·손익 균형성장, 고객경험 중심 마케팅, 디지털 경쟁력 구현을 위한 데이터 기반 언더라이팅 정교화, 디지털 생태계 투자 및 해외사업 확대를 추진하고 있음.",금융·보험;자동차,0.1583,https://finance.naver.com/item/main.naver?code=001450,NAVER_PUBLIC,OK,2026-09-07,001450,현대해상,,Y,,,,,,0.3278706062360333,0.4090784538317583,Public Naver pull; history-dependent fields require BPS history input.,0.2504313862981938,0.6200000340392176
1.2,413917.0,3.0,174691.0,0.33,1510606.06,498500.0,42835.0,"기업개요 동사는 1958년 설립되어 2005년에 현재의 사명으로 변경한 국내 최대 건축자재 및 종합정밀화학 기업임. 건자재, 도료, 실리콘 부문으로 사업을 영위하며 2019년 미국 Momentive Performance Materials 인수를 통해 실리콘 부문 글로벌 경쟁력을 강화함. 친환경 제품 개발과 글로벌 시장 확대에 주력하며 AI 산업 성장에 따른 전력시스템 소재 수요 대응 및 베트남 법인 생산능력 확대 투자를 진행 중임.",화학·소재;전력·에너지,0.1156,https://finance.naver.com/item/main.naver?code=002380,NAVER_PUBLIC,OK,2026-09-07,002380,KCC,,Y,,,,,,0.1542427282464364,0.262146439423128,Public Naver pull; history-dependent fields require BPS history input.,0.12544633906738067,0.33000000013239716
-20562.0,,,,2.02,43564.36,88000.0,43646.0,"기업개요 동사는 1973년 설립되어 1997년 유가증권시장에 상장한 SK그룹 계열의 소재 전문기업임. 리튬이온 이차전지 핵심 소재인 전지박을 생산하는 이차전지 소재사업, PO·PG 등을 생산하는 화학사업, 반도체 테스트용 실리콘러버소켓 및 글라스기판을 공급하는 반도체 소재사업을 운영하고 있음. 2025년 사업구조 재편을 위해 SK엔펄스 사업부문 매각과 SK엔펄스 흡수합병을 진행하여 지배구조 단순화 및 재무건전성 제고를 추진 중임.",금융·보험;화학·소재;배터리,-0.4498,https://finance.naver.com/item/main.naver?code=011790,NAVER_PUBLIC,OK,2026-09-07,011790,SKC,,Y,,,,,,2.0527054684150072,3.149620469576507,Public Naver pull; history-dependent fields require BPS history input.,1.4800860152656896,2.0199998347272863
12.78,7886.0,,,1.79,56312.85,100800.0,43852.0,"기업개요 동사는 1953년 설립되어 1975년 유가증권시장에 상장한 8인치 순수 파운드리 기업임. 웨이퍼 수탁 생산 및 판매를 주요 사업으로 하며, 전력반도체, 센서, 디스플레이 구동칩 등 고부가가치 특화제품을 중심으로 다양한 분야에 제품을 생산함. SiC, GaN, Silicon Capacitor 등 고부가 성장 제품 개발을 추진하며 특화 파운드리 선도기업 지위를 확고히 함.",금융·보험;반도체;전력·에너지,0.1656,https://finance.naver.com/item/main.naver?code=000990,NAVER_PUBLIC,OK,2026-09-07,000990,DB하이텍,,Y,,,,,0.14,0.7490297507584859,1.2700476001481011,Public Naver pull; history-dependent fields require BPS history input.,0.5575991980515993,1.7899999733630956
22.51,17615.0,9.0,43944.0,0.64,619531.25,396500.0,37450.0,"기업개요 동사는 1955년 동화백화점으로 설립되어 1985년 유가증권시장에 상장되었으며, 현재 백화점 13개점을 운영하는 국내 대표 유통기업임. 종속회사를 통해 백화점업, 도소매업, 부동산 및 자동차여객터미널업, 호텔업, 면세업 등 다양한 사업을 영위하고 있음. 주요 계열사로는 신세계인터내셔날, 신세계까사, 신세계디에프 등이 있으며, 2024년 광주종합버스터미널 영업양수와 어뮤즈 인수 등 사업 확장을 지속하고 있음.",유통·물류;금융·보험;자동차,0.0709,https://finance.naver.com/item/main.naver?code=004170,NAVER_PUBLIC,OK,2026-09-07,004170,신세계,,Y,,,,,,0.2629407313997478,0.41160151324085753,Public Naver pull; history-dependent fields require BPS history input.,0.2098360655737705,0.64
17.5,2623.0,19.0,2381.0,5.89,7792.87,45900.0,38302.0,"기업개요 동사는 1999년 설립된 대형 선박 엔진 제작 중심의 종합 엔진메이커로, 2011년 유가증권시장에 상장됨. 2026년 노르웨이 SEAM AS 외 3개사 인수로 전기 하이브리드 추진 시스템 및 전력 관리 솔루션 역량을 확보하고, 중국에 한화발동기기술상해유한공사를 설립하여 현지 영업 및 기술 지원 체계를 구축함. 선박엔진, SCR, AM, 디젤발전, 선박용 ESS, 친환경 선박 전력·추진 시스템 통합(SI) 사업 영위함.",조선·해양;금융·보험;전력·에너지,0.3055,https://finance.naver.com/item/main.naver?code=082740,NAVER_PUBLIC,OK,2026-09-07,082740,한화엔진,,Y,,,,,,0.9554887993768663,5.357461371741093,Public Naver pull; history-dependent fields require BPS history input.,0.7528676854611972,5.889999448213559
-136.0,,40.0,820.0,0.21,154285.71,32400.0,43236.0,"기업개요 동사는 1953년 대한중공업공사로 설립되어 1987년 유가증권시장에 상장되었으며, 2010년 당진 일관제철소 가동을 통해 국내 두 번째 고로 제강사로 자리매김함. 종속회사로 현대비앤지스틸, 현대종합특수강, 현대스틸파이프, 해외 9개국 스틸서비스센터 등으로 구성되어 있음. 동사는 판재사업과 봉형강사업을 영위하고, 철강 제품을 건설, 자동차, 조선산업에 공급하고 있음.",금융·보험;건설·인프라;자동차,0.0053,https://finance.naver.com/item/main.naver?code=004020,NAVER_PUBLIC,OK,2026-09-07,004020,현대제철,,Y,,,,,,0.18336111620447548,0.24798148836985626,Public Naver pull; history-dependent fields require BPS history input.,0.13513889264274703,0.2100000058333335
100.76,1317.0,14.0,9405.0,0.82,161829.27,132700.0,38717.0,"기업개요 동사는 1953년 설립된 지주회사로, CJ제일제당 등 8개 자회사 지분을 보유하며 수익을 영위하고 있음. 식품, 생명공학, 물류, 엔터테인먼트 4대 사업군으로 운영되며, K-Food 글로벌화, 아미노산 사업, 택배 네트워크, 콘텐츠 제작·유통을 담당하고 있음. Culture, Platform, Wellness, Sustainability를 미래 성장엔진으로 글로벌 확장과 신사업을 추진하고 있음.",유통·물류;플랫폼·인터넷,0.0581,https://finance.naver.com/item/main.naver?code=001040,NAVER_PUBLIC,OK,2026-09-07,001040,CJ,,Y,,,,,,0.5065832651905308,0.9229479932771125,Public Naver pull; history-dependent fields require BPS history input.,0.3744687224999532,0.8199999913489074
129.97,941.0,81.0,1514.0,7.85,15579.62,122300.0,46743.0,"기업개요 동사는 1975년 발전소 설계기술 자립을 위해 설립되었으며, 1982년 한국전력공사 계열로 편입된 발전소 및 플랜트 엔지니어링 업체임. 국내 유일의 원전설계 기업으로, 원자력발전소 종합설계와 원자로계통설계 기술을 보유하고, 신규 원전 건설부터 유지보수 및 해체 설계 서비스를 제공하고 있음. 혁신형 SMR 개발, 해양부유식 소형원자로 BANDI, 신재생에너지와 데이터센터 전력공급 사업 등 포트폴리오 다각화를 추진하고 있음.",전력·에너지;건설·인프라,0.0972,https://finance.naver.com/item/main.naver?code=052690,NAVER_PUBLIC,OK,2026-09-07,052690,한전기술,,Y,,,,,,4.073270079758043,5.905150446544909,Public Naver pull; history-dependent fields require BPS history input.,2.9172726934289797,7.849998908830895
-6.0,,15.0,245.0,0.89,3994.38,3555.0,36483.0,"기업개요 동사는 1986년 자동차 부품 및 시스템 제조를 목적으로 설립되었으며, 1996년 유가증권시장에 상장함. 2013년 Visteon 공조부문 인수로 글로벌시장 2위로 도약하고, 2014년 쿠퍼 스탠다드 오토모티브의 열관리,배기사업과 2019년 마그나 그룹의 Fluid Pressure & Controls 사업부를 인수함. 2025년 최대주주가 한국타이어앤테크놀로지로 변경되어 고객 다변화 시너지를 기대함.",전장부품;자동차;금융·보험,0.0613,https://finance.naver.com/item/main.naver?code=018880,NAVER_PUBLIC,OK,2026-09-07,018880,한온시스템,,Y,,,,,,0.9025180378431696,2.2567707629219056,Public Naver pull; history-dependent fields require BPS history input.,0.7014855872500864,0.8900004506331395
5.63,13333.0,6.0,13648.0,0.71,105774.65,75100.0,33277.0,"기업개요 동사는 2009년 영원무역홀딩스로부터 인적분할하여 설립된 글로벌 아웃도어 및 스포츠 기업임. 약 40여 개 해외 브랜드 바이어들의 주문에 따라 방글라데시, 베트남 등 해외 공장에서 의류, 신발 등을 OEM 방식으로 생산·수출하고, SCOTT 자전거 및 OR 브랜드 유통하고 있음. 동사는 글로벌 생산거점을 기반으로 안정적 생산능력을 확보하며, 100MW 태양광 발전설비 설치를 목표로 친환경 생산시스템 구축에 주력하고 있음.",유통·물류;전력·에너지,0.129,https://finance.naver.com/item/main.naver?code=111770,NAVER_PUBLIC,OK,2026-09-07,111770,영원무역,,Y,,,,,,0.3972596458603267,0.5742396689565978,Public Naver pull; history-dependent fields require BPS history input.,0.31765645171125595,0.7099999858189084
5.71,6152.0,3.0,13052.0,0.26,135000.0,35100.0,32401.0,"기업개요 동사는 1983년 설립된 시장형 공기업으로, 천연가스 도입 및 판매 사업을 영위하고 있음. 국내 유일 천연가스 도매사업자로서 시장을 100% 점유하고 있으며, LNG를 도입해 발전사 및 도시가스사에 공급하고 있음. 탄소중립 대응으로 LNG 벙커링, 해외 Gas to Power 등 신규 사업 발굴, 수소 인프라 구축을 통해 가스산업 밸류체인 경쟁력을 확보하고 있음.",전력·에너지;건설·인프라,0.0967,https://finance.naver.com/item/main.naver?code=036460,NAVER_PUBLIC,OK,2026-09-07,036460,한국가스공사,,Y,,,,,,0.204,0.306,Public Naver pull; history-dependent fields require BPS history input.,0.16962962962962963,0.26
18.42,7832.0,17.0,8304.0,3.4,42441.18,144300.0,34062.0,"기업개요 동사는 2012년 구 한국콜마로부터 분할된 화장품 ODM 전문기업으로, 에이치케이이노엔 통해 전문의약품 및 H&B 사업을, 연우 통해 화장품 용기 제조업을 진행하고 있음. 2026년 상반기 콜마스크 지분 99.46%를 취득하여 연결대상 종속회사로 편입함. 화장품 부문은 ODM 방식으로 연구 개발하여 거래처에 납품하고, 전문의약품은 케이캡, 수액, 에포카인 등 주요 제품을 국내외에 판매하고 있음.",바이오·제약,0.1957,https://finance.naver.com/item/main.naver?code=161890,NAVER_PUBLIC,OK,2026-09-07,161890,한국콜마,,Y,,,,,,0.9799444784522956,1.7794038714286455,Public Naver pull; history-dependent fields require BPS history input.,0.7940401280077509,3.399999717255741
9.57,633.0,7.0,880.0,0.51,11882.35,6060.0,32394.0,"기업개요 동사는 1966년 범양전용선주식회사로 설립되어 해상화물운송 사업을 영위하고 있으며, 2007년 한국거래소 유가증권시장에 상장하였음. 하림그룹 계열사로서 국내외 10개의 종속회사를 보유하고 있음.곡물사업 및 선박관리업도 함께 수행하고 있음. 벌크선, 탱커선, 컨테이너선, LNG선 등 다양한 선종을 통해 철광석, 석탄, 곡물, 원유, LNG 등 화물을 전세계적으로 운송하는 해상운송사업을 주력으로 영위하고 있음.",금융·보험;조선·해양,0.0741,https://finance.naver.com/item/main.naver?code=028670,NAVER_PUBLIC,OK,2026-09-07,028670,팬오션,,Y,,,,,,0.3166040387633759,0.48508922898248247,Public Naver pull; history-dependent fields require BPS history input.,0.276460464470412,0.510000126237655
7.73,4695.0,6.0,6075.0,0.49,74081.63,36300.0,30186.0,"기업개요 동사는 2011년 씨제이이엔엠에서 분할 후 설립되어, 2014년 씨제이넷마블을 합병, 현재 넷마블로 성장함. 넷마블네오, 넷마블에프앤씨 등 5개 국내와 Jam City, Kabam 등 3개 해외 자회사를 보유하고 있음. 모바일 게임 개발 및 퍼블리싱, MARVEL Contest of Champions, Jackpot World 등 다양한 게임 라인업을 갖추고 있음.",스마트폰,0.082,https://finance.naver.com/item/main.naver?code=251270,NAVER_PUBLIC,OK,2026-09-07,251270,넷마블,,Y,,,,,,0.6344352844288118,0.8963085720441087,Public Naver pull; history-dependent fields require BPS history input.,0.4744766010143135,0.49000001754821
16.88,16236.0,18.0,14920.0,4.81,56964.66,274000.0,31097.0,"기업개요 동사는 2014년 코스맥스비티아이에서 인적분할하여 설립된 화장품 ODM 전문 기업으로, 유가증권시장에 상장되어 있음. 국내외 32개 종속회사를 보유하고 있으며, 2025년 COSGZ(HK) LIMITED 등 3개사를 신규 설립하여 글로벌 사업을 확장함. 전체 매출의 90% 이상을 ODM 형태로 공급하며, 기초화장품, 색조화장품, 마스크시트 등 대부분의 품목을 국내외 4,000여개 기업에 공급하고 있음.",금융·보험,0.2619,https://finance.naver.com/item/main.naver?code=192820,NAVER_PUBLIC,OK,2026-09-07,192820,코스맥스,,Y,,,,,,1.4106991949043495,3.2430633308440706,Public Naver pull; history-dependent fields require BPS history input.,0.7846970384796468,4.809999743700743
24.56,2207.0,,,3.46,15664.74,54200.0,37068.0,"기업개요 동사는 1973년 설립된 사업형 지주회사로, 2011년 공정거래위원회로부터 지주회사 전환을 승인받았음. 한미약품, 제이브이엠, 온라인팜, 에르무루스, 일본한미약품, Hanmi Europe Ltd., 북경한미IT유한공사, 에비드넷을 자회사로 두고 있음. 2022년 11월 한미헬스케어와의 합병을 통해 의료기기, 컨슈머헬스, IT솔루션 사업부문을 추가하여 자체 매출과 성장동력을 보유한 사업형 지주회사로 역량을 강화하였음.",,0.0711,https://finance.naver.com/item/main.naver?code=008930,NAVER_PUBLIC,OK,2026-09-07,008930,한미사이언스,,Y,,,,,0.1409,2.0325903909033918,2.778060791305825,Public Naver pull; history-dependent fields require BPS history input.,1.643819176060375,3.459999974464945
9.58,1544.0,10.0,1448.0,0.75,19720.0,14790.0,31641.0,"기업개요 동사는 1998년 설립되어 카지노 및 리조트업을 영위하고 있으며, 최대주주 한국광해광업공단과 20개 계열회사가 있음. 국내 유일 내/외국인 출입 가능한 강원랜드 카지노를 운영하며, 하이원리조트 브랜드 하에 호텔, 콘도, 스키, 골프 등 최대 사계절 복합리조트 운영 중임. 자회사로 하이원추추파크, 하이원파트너스를 두고, 슬롯머신 제조 및 웰니스센터 등 콘텐츠 개발을 지속하고 있음.",플랫폼·인터넷,0.0734,https://finance.naver.com/item/main.naver?code=035250,NAVER_PUBLIC,OK,2026-09-07,035250,강원랜드,,Y,,,,,,0.7894523326572008,1.2246450304259635,Public Naver pull; history-dependent fields require BPS history input.,0.7038539553752535,0.75
105.0,210.0,,,5.94,3712.12,22050.0,33523.0,"기업개요 동사는 1989년 소프트웨어 개발 및 정보처리 서비스업 목적으로 설립되었으며, 2024년 코스피 상장법인이 됨. IT와 OT 융합 기술 보유 기업으로, 자동화 및 IT서비스 사업부문을 통해 철강과 이차전지소재 분야에 DX 사업을 추진하고 있음. 이차전지소재 전 분야 Intelligent Factory 사업 확대와 생성형 AI 기반 P-GPT 개발 등 AI Native Company로의 전환을 추진하고 있음.",배터리;화학·소재,0.0709,https://finance.naver.com/item/main.naver?code=022100,NAVER_PUBLIC,OK,2026-09-07,022100,포스코DX,,Y,,,,,0.0566,1.7267760740493303,10.00506449144963,Public Naver pull; history-dependent fields require BPS history input.,1.3792657564949409,5.94000193959247
-477.0,,-597.0,-93.0,17.46,3178.69,55500.0,28993.0,"기업개요 동사는 1973년 설립, 1989년 상장된 제약회사로 HPI를 통해 해외임상 및 라이선스 업무를 수행하고 있음. 내분비계, 순환기계, 비뇨기계 등 160여개 의약품을 생산하며, 합성의약품과 바이오의약품의 연구·개발 및 제조·판매를 주요 사업으로 하고 있음. 자가면역질환, 안구질환, 신경질환 영역에서 바이오신약 개발에 집중하며 이뮤노반트, 뉴론 파마슈티컬스, 대웅제약 등과 협력 확대하고 있음.",바이오·제약,-0.0293,https://finance.naver.com/item/main.naver?code=009420,NAVER_PUBLIC,OK,2026-09-07,009420,한올바이오파마,,Y,,,,,,5.797985962770826,13.04625490374966,Public Naver pull; history-dependent fields require BPS history input.,4.168383831075065,17.460022839597443
7.21,17465.0,7.0,19321.0,0.47,268085.11,126000.0,31698.0,"기업개요 동사는 1976년 설립, 1988년 상장한 석유화학 기업으로, 금호피앤비화학 등 20개 종속회사를 보유하고 있음. 합성고무, 합성수지, 정밀화학, CNT, 건자재, 에너지 등 다양한 사업을 영위하며, 합성고무 부문이 매출의 62.8%, 합성수지 부문이 24.7%를 차지함. 글로벌 생산거점 확보를 검토하고 있으며, 온실가스 감축, 친환경소재사업 등 지속가능한 성장동력 발굴 및 ESG경영을 추진하고 있음.",화학·소재;전력·에너지,0.0721,https://finance.naver.com/item/main.naver?code=011780,NAVER_PUBLIC,OK,2026-09-07,011780,금호석유화학,,Y,,,,,,0.436726978234636,0.5520634846150165,Public Naver pull; history-dependent fields require BPS history input.,0.33235713837295927,0.46999999365873024
19.68,4020.0,18.0,4457.0,1.56,50705.13,79100.0,30057.0,"기업개요 동사는 1977년 설립, 1996년 한국증권거래소 상장 종합 안심솔루션 기업임. 시큐리티 사업은 물리보안, 디지털보안으로 나뉘며, 물리보안은 네트워크로 보안기기, 관제센터, 출동 인력을 연결 범죄 및 사고 예방. 디지털보안은 정보 보호를 위한 통합 보안 솔루션 제공, 인프라 사업은 FM, PM 서비스 및 보안SI로 건물 운영, 보안 시스템 설계·구축 서비스 제공하고 있음.",금융·보험;건설·인프라,0.0879,https://finance.naver.com/item/main.naver?code=012750,NAVER_PUBLIC,OK,2026-09-07,012750,에스원,,Y,,,,,,1.1359797322282776,1.4811124633740216,Public Naver pull; history-dependent fields require BPS history input.,1.009759761980691,1.5599999447787631
-1080.0,,,,1.68,22380.95,37600.0,29499.0,"기업개요 동사는 2018년 에스케이케미칼 VAX사업부문 물적분할을 통해 설립됨. 2024년 독일 IDT Biologika 인수로 글로벌 CDMO 시장에 진출하고, 안동 L HOUSE 및 IDT Biologika를 통해 서비스 제공하고 있음. Sanofi와 21가 폐렴구균백신 글로벌 임상 3상 진행, CEPI와 mRNA 백신 기술 확보를 추진 중으로, Global Top 10 Vaccine Company 도약을 목표로 하고 있음.",,-0.0415,https://finance.naver.com/item/main.naver?code=302440,NAVER_PUBLIC,OK,2026-09-07,302440,SK바이오사이언스,,Y,,,,,,2.1080427774513595,4.132979163082894,Public Naver pull; history-dependent fields require BPS history input.,1.512446969409252,1.680000178723423
8.03,9398.0,,,2.51,30079.68,75500.0,29514.0,"기업개요 동사는 1984년 설립되었고 1996년 유가증권시장에 상장된 운반기계 전문기업임. 현대무벡스, 현대아산, 에이블현대호텔앤리조트를 종속회사로 두고 있으며, 승강기 제품의 생산·판매·설치·유지보수를 주력으로 하고 사업을 다각화하고 있음. AI·IoT 기반 예지보전 서비스 '미리(MIRI)', 모듈러 공법 '이노블록', UAM 버티포트 개발 등 미래 성장동력 확보에 주력하고 있음.",금융·보험,0.1254,https://finance.naver.com/item/main.naver?code=017800,NAVER_PUBLIC,OK,2026-09-07,017800,현대엘리베이터,,Y,,,,,0.3124,1.191834487600932,2.5552133533335466,Public Naver pull; history-dependent fields require BPS history input.,0.7463510250109043,2.5100001063841106
-41473.0,,10.0,18531.0,0.39,468717.95,182800.0,27519.0,"기업개요 동사는 2007년 CJ주식회사의 제조사업부문이 인적분할되어 설립된 기업으로, 1953년 제일제당공업주식회사로 출범한 이래 약 70여 년 동안 우리나라 식품산업의 발전을 이끌어 왔음. 당기 중 씨제이피드앤케어 등 F&C부문 종속 및 지분법 법인 14개사의 주식을 매각하였음. 동사는 설탕, 밀가루 등 소재식품과 햇반, 만두 등 가공식품을 생산·판매하는 식품사업, 아미노산 등 BIO사업, 국내외 물류·택배·건설사업 등을 영위하고 있음.",전력·에너지;화학·소재;유통·물류,0.0395,https://finance.naver.com/item/main.naver?code=097950,NAVER_PUBLIC,OK,2026-09-07,097950,CJ제일제당,,Y,,,,,,0.4977406988573832,0.8049617045816146,Public Naver pull; history-dependent fields require BPS history input.,0.37869255913924355,0.3899999989332604
17.54,6401.0,9.0,12133.0,0.21,534761.9,112300.0,31768.0,"기업개요 동사는 1970년 백화점 경영을 목적으로 설립되었으며, 2026년 반기말 현재 33개의 종속회사를 보유하고 있음. 백화점, 할인점, 전자제품전문점, 슈퍼, 홈쇼핑, 영화상영업, 이커머스 등 8개 사업부문을 영위하는 종합 유통기업으로, 국내외 광범위한 점포망을 구축하고 있음. 롯데ON 통합 플랫폼 운영, Ocado System 도입, 탄소중립 ESG 경영 추진, 쇼핑몰 사업 확대 등 온오프라인 시너지와 지속가능경영을 추구하고 있음.",유통·물류;플랫폼·인터넷,0.0227,https://finance.naver.com/item/main.naver?code=023530,NAVER_PUBLIC,OK,2026-09-07,023530,롯데쇼핑,,Y,,,,,,0.12465360752140345,0.18232413341339387,Public Naver pull; history-dependent fields require BPS history input.,0.09948352715479543,0.2100000018699911
7.0,2666.0,6.0,3010.0,0.46,40543.48,18650.0,29534.0,"기업개요 동사는 2011년 대구은행 등을 주식의 포괄적 이전 방식으로 설립한 금융지주회사임. 2012년 DGB캐피탈 인수, 2015년 DGB생명보험 편입, 2018년 하이투자증권 편입으로 사업을 확대했으며, 2024년 대구은행이 시중은행으로 전환됨에 따라 iM뱅크로 사명을 변경함. 주요 자회사로 iM뱅크, iM증권, iM라이프생명보험, iM캐피탈, iM에셋자산운용 등을 보유하고 있음.",금융·보험,0.0742,https://finance.naver.com/item/main.naver?code=139130,NAVER_PUBLIC,OK,2026-09-07,139130,iM금융지주,,Y,,,,,,0.19169543413638887,0.33914207660516565,Public Naver pull; history-dependent fields require BPS history input.,0.16599463094929195,0.4599999802680973
21.21,8801.0,18.0,10453.0,9.2,20293.48,186700.0,23385.0,"기업개요 동사는 화장품, 건강기능식품, 홈뷰티기기 개발 및 판매를 주요 사업으로 하며, 3개의 비상장 종속회사를 보유하고 있음. 화장품 브랜드 d'Alba는 이탈리아 Alba 지역에서 유래된 프리미엄 비건 뷰티 브랜드로, 화이트 트러플을 핵심 원료로 함. 건강기능식품 브랜드 Veganery는 식물성 저분자 콜라겐을 주요 성분으로 하는 비건 이너뷰티 브랜드로 20-40대 여성을 주요 고객층으로 하고 있음.",,0.5151,https://finance.naver.com/item/main.naver?code=483650,NAVER_PUBLIC,OK,2026-09-07,483650,달바글로벌,,Y,,,,,,7.400406435958741,10.574825017690411,Public Naver pull; history-dependent fields require BPS history input.,5.937867728945455,9.19999921156943
5.39,14481.0,7.0,11520.0,0.59,132203.39,78000.0,30181.0,"기업개요 동사는 2021년 DL㈜에서 건설사업부문을 인적분할하여 설립된 종합건설업체임. DL건설㈜, PFV, 9개 해외 현지법인, CARBONCO PTE. Ltd. 등 15개 종속회사를 보유하고 있음. 주택사업(54.3%), 플랜트사업(32.8%), 토목사업(12.9%)을 영위하며, 'e편한세상'과 'ACRO' 브랜드 운영, 정유·가스·석유화학·발전 EPC사업, 도로·교량·철도·항만 인프라 건설을 수행하고 있음.",건설·인프라;전력·에너지;화학·소재,0.0871,https://finance.naver.com/item/main.naver?code=375500,NAVER_PUBLIC,OK,2026-09-07,375500,DL이앤씨,,Y,,,,,,0.2544564099301841,0.4457737430182388,Public Naver pull; history-dependent fields require BPS history input.,0.22200640997178664,0.5899999992435897
12.82,32367.0,12.0,34135.0,0.83,500000.0,415000.0,25242.0,"기업개요 동사는 1965년 롯데공업주식회사로 설립되어 1976년 유가증권시장에 상장하였으며, 1978년 주식회사 농심으로 사명을 변경하였음. 계열회사는 총 42개사로 상장법인인 농심홀딩스, 율촌화학을 포함하며, NONGSHIM USA, SHANGHAI NONGSHIM FOODS 등 15개 종속회사와 시너지를 창출하고 있음. 2025년 3월에는 유럽 시장 공략을 위해 네덜란드에 NONGSHIM EUROPE B.V.를 신규 설립하였음.",금융·보험;화학·소재,0.0683,https://finance.naver.com/item/main.naver?code=004370,NAVER_PUBLIC,OK,2026-09-07,004370,농심,,Y,,,,,,0.6308,0.8572,Public Naver pull; history-dependent fields require BPS history input.,0.54,0.83
6.86,6628.0,,,0.99,45959.6,45500.0,26622.0,"기업개요 동사는 1971년 자동차용 튜브와 타이어 제조 및 판매를 목적으로 설립되었으며 2017년 고무사업부문을 인적 분할하였음. 2022년 두산공작기계 인수를 통한 글로벌 사업 재편을 위해 상호를 디엔오토모티브로 변경하고 2024년 동아타이어공업을 흡수 합병하였음. 자동차용 축전지와 부품, 튜브 제품을 생산하며 종속회사 디엔솔루션즈를 통해 공작기계 제조와 유지보수 사업을 하고 있음.",자동차;배터리,0.1851,https://finance.naver.com/item/main.naver?code=007340,NAVER_PUBLIC,OK,2026-09-07,007340,DN오토모티브,,Y,,,,,0.1442,0.2994804132324912,0.5150175371413155,Public Naver pull; history-dependent fields require BPS history input.,0.20002349889903306,0.9899999129670406
17.6,1449.0,,,1.46,17465.75,25500.0,25423.0,"기업개요 동사는 1975년 설립되어 2016년 상장한 중견기업이며, 동서음료(주)와 동서물산(주) 등 2개 비상장 종속회사를 보유하고 있음. 식품사업, 제조, 구매수출, 기타 등의 사업부문을 운영하며, 동서식품(주) 등과 대형 할인점, 온라인 거래처를 주요 거래처로 두고 있음. 동사는 건전한 재무구조를 기반으로 전문성 향상과 효율적 운영을 추구하고, 신규브랜드 도입 및 식품 연구를 통해 시장 변화에 대응하고 있음.",,0.0861,https://finance.naver.com/item/main.naver?code=026960,NAVER_PUBLIC,OK,2026-09-07,026960,동서,,Y,,,,,0.083,1.0735296222607102,1.5579061878247427,Public Naver pull; history-dependent fields require BPS history input.,0.9532943045675107,1.460000286274566
12.06,12452.0,11.0,13490.0,1.96,76632.65,150200.0,25960.0,"기업개요 동사는 2017년 (주)비지에프에서 인적분할하여 신설된 법인으로, 1990년 편의점 체인화사업을 시작하여 전국적인 점포망을 완성함. 2012년 독자 브랜드 CU를 런칭하여 한국형 편의점 모델을 정립했으며, 종속회사로 물류사업의 (주)비지에프로지스, 식품제조/유통의 (주)비지에프푸드 등을 보유하고 있음. 편의점 사업은 가맹본부가 상표, 영업표지 등을 제공하고, 가맹점사업자가 점포를 운영하는 방식으로, 다양한 품목을 취급하고 있음.",유통·물류,0.176,https://finance.naver.com/item/main.naver?code=282330,NAVER_PUBLIC,OK,2026-09-07,282330,BGF리테일,,Y,,,,,,1.4455979272542447,2.318854952817109,Public Naver pull; history-dependent fields require BPS history input.,1.298402182359608,1.960000078295609
6.32,8208.0,7.0,7847.0,0.88,58977.27,51900.0,24106.0,"기업개요 동사는 1954년 설립되어 현재 한국, 중국, 북미, 인도 등 총 21개 계열회사를 보유한 글로벌 자동차 부품 전문기업임. 자동차 램프, 전동화 부품, 미러, 전자제품 등을 생산하여 현대차, 기아차, GM, Ford 등 글로벌 OEM에 납품하고 있음. 동사는 ESG 경영을 통한 온실가스 감축, 신시장 확대를 전략으로 수립하고 BMS, SBCM 등 전동화 제품과 로보틱스 분야로 사업 영역을 확대하고 있음.",전장부품;자동차;전력·에너지,0.1331,https://finance.naver.com/item/main.naver?code=005850,NAVER_PUBLIC,OK,2026-09-07,005850,에스엘,,Y,,,,,,0.5069749752743726,0.6621194911192059,Public Naver pull; history-dependent fields require BPS history input.,0.3891329659714667,0.8800000406936436
38.46,949.0,,,2.39,15271.97,36500.0,25847.0,"기업개요 동사는 2017년 설립되어 2023년 유가증권시장에 상장하였으며, PT Green Eco Nickel 제련소 인수로 니켈 공급망을 완성하였음. 이차전지용 삼원계 양극재 전구체 생산 및 판매를 전문으로 하고, RMP 공정 원료제련과 CPM 공정 전구체 사업으로 구성됨. 하이니켈 전구체 분야 시장 선도적 지위를 확보하고, 중저가 EV시장 대응 위해 HVM, LMR 전구체 개발 및 북미·유럽 생산시설 투자 계획하고 있음.",금융·보험;배터리,0.1162,https://finance.naver.com/item/main.naver?code=450080,NAVER_PUBLIC,OK,2026-09-07,450080,에코프로머티,,Y,,,,,0.0621,3.3721910139949203,7.197499733171294,Public Naver pull; history-dependent fields require BPS history input.,2.108437876711387,2.3899994565206715
13.94,3600.0,12.0,4290.0,0.8,62750.0,50200.0,23572.0,"기업개요 동사는 2014년 에이치엘홀딩스의 자동차부품 제조·판매업 부문이 인적분할되어 설립되었으며, 연결대상 종속회사 27개사를 보유하고 있음. 동사는 제동, 조향, 현가장치 등 섀시 부품을 개발·생산하며, 19개 생산사이트와 18개 연구소를 운영하고 있음. 동사는 HL클레무브의 ADAS 핵심기술을 기반으로 미래 모빌리티 기술 전환에 대응하며, 전자제어 기반 섀시 제품을 핵심 성장 동력으로 사업을 고도화하고 있음.",전장부품;자동차,0.0684,https://finance.naver.com/item/main.naver?code=204320,NAVER_PUBLIC,OK,2026-09-07,204320,HL만도,,Y,,,,,,0.5748207171314741,0.8589641434262948,Public Naver pull; history-dependent fields require BPS history input.,0.5043824701195219,0.8
4.8,13659.0,5.0,12701.0,1.19,55126.05,65600.0,25129.0,"기업개요 동사는 2021년 에프앤에프홀딩스로부터 패션사업부문을 인적분할하여 설립되었으며, 7개의 종속회사를 보유하고 있음. MLB, DISCOVERY 등 라이센스 브랜드와 DUVETICA, SUPRA 등 자체 브랜드를 제조·판매하며 중국, 홍콩 등에서 유통채널을 운영하고 있음. 2024년 DISCOVERY 아시아 독점 라이센스를 취득하고, SERGIO TACCHINI의 유럽 및 북미 사업을 전개하며 글로벌 브랜드로 성장하고 있음.",유통·물류,0.2304,https://finance.naver.com/item/main.naver?code=383220,NAVER_PUBLIC,OK,2026-09-07,383220,F&F,,Y,,,,,,1.178027448003258,2.5958689222246107,Public Naver pull; history-dependent fields require BPS history input.,0.8952210434086969,1.190000009070122
-27422.0,,-14.0,-4199.0,0.19,309473.68,58800.0,25151.0,"기업개요 동사는 1976년 설립된 롯데그룹 계열의 석유화학 기업으로, 여수, 울산, 대산 등 국내 석유화학단지에 국제적 생산시설을 보유하고 있음. 롯데정밀화학, 롯데에너지머티리얼즈를 통해 기초화학, 첨단소재, 정밀화학, 전지소재, 수소에너지의 5대 사업영역을 구축하고 있음. 기초화학 사업에서 납사 분해설비를 통해 PE, PP 등을 생산하며, 첨단소재 사업에서 가전, IT, 자동차용 고기능성 ABS, PC 제품을 제조하고 있음.",화학·소재;전력·에너지;배터리,-0.0136,https://finance.naver.com/item/main.naver?code=011170,NAVER_PUBLIC,OK,2026-09-07,011170,롯데케미칼,,Y,,,,,,0.21701360839474299,0.5752469806156052,Public Naver pull; history-dependent fields require BPS history input.,0.1754591860606692,0.19000000258503405
-3837.0,,48.0,518.0,0.3,82833.33,24850.0,24766.0,"기업개요 동사는 1967년 설립, 2017년 제과사업 분할로 롯데제과를 신설하고 롯데쇼핑·롯데칠성음료·롯데푸드의 투자사업을 합병하여 지주회사 체제로 전환함. 현재 동사는 롯데쇼핑, 롯데케미칼, 롯데웰푸드 등 19개 국내 자회사를 보유하며, 배당수익·상표권사용수익·임대수익 등이 주요 수입원임. 주요 자회사들은 다양한 사업을 진행하며, 그룹 차원에서 ESG 경영체계 구축 및 2040 탄소중립 로드맵 등 지속가능경영을 추진하고 있음.",,0.0063,https://finance.naver.com/item/main.naver?code=004990,NAVER_PUBLIC,OK,2026-09-07,004990,롯데지주,,Y,,,,,,0.2979476981065472,0.3900603778696329,Public Naver pull; history-dependent fields require BPS history input.,0.2462776759065463,0.3000000120724351
8.35,4864.0,7.0,5501.0,0.99,41010.1,40600.0,21555.0,"기업개요 동사는 1991년 섬유제품, 의복, 신발, 골프장비 등 제조 및 도소매를 위해 설립됨. 2007년 LBO로 FILA 브랜드의 글로벌 상표권과 사업권을 확보했으며, 2020년 물적분할로 지주회사로 전환하고 2025년에 사명을 (주)미스토홀딩스로 변경함. Misto는 'FILA', 'Alife' 등 패션 브랜드, Acushnet은 'Titleist', 'FootJoy' 등 골프 브랜드를 보유하며 글로벌 시장에서 사업을 하고 있음.",,0.1341,https://finance.naver.com/item/main.naver?code=081660,NAVER_PUBLIC,OK,2026-09-07,081660,미스토홀딩스,,Y,,,,,,0.8354039614631518,0.9948768717949968,Public Naver pull; history-dependent fields require BPS history input.,0.6632512478633312,0.9900000243842371
5.89,4167.0,,,0.45,54555.56,24550.0,23306.0,"기업개요 동사는 1941년 설립, 1968년 상장 후 2012년 인적분할로 지주회사 한국앤컴퍼니㈜와 타이어 부문 한국타이어앤테크놀로지㈜로 나뉘었음. 2021년 ㈜한국아트라스비엑스와 합병하여 에너지 솔루션 사업본부를 신설하며 사업형 지주회사로 전환, 미국·독일법인 포함 축전지 사업을 영위함. 주요 사업은 차량용·산업용 축전지 제조·판매, 경영자문 용역, 상표권 사용료, 부동산 임대, 지분법 평가 이익 등임.",전력·에너지;배터리;자동차,0.0767,https://finance.naver.com/item/main.naver?code=000240,NAVER_PUBLIC,OK,2026-09-07,000240,한국앤컴퍼니,,Y,,,,,0.0764,0.2417718743974033,0.42543784721483935,Public Naver pull; history-dependent fields require BPS history input.,0.19081464840613863,0.4499999633401252
10.62,7204.0,7.0,10612.0,0.85,90000.0,76500.0,21438.0,"기업개요 동사는 1968년 설립된 (주)풍산홀딩스로부터 2008년 인적분할해 설립됨. 미국, 중국, 동남아 등 주요 지역에 생산·판매 라인을 구축하고 있음. 신동사업 부문에서는 동 및 동합금 판·대, 리드프레임 소재 등을 생산하며, 방산사업 부문은 군용 및 스포츠 탄약, 정밀 단조품 등을 생산하고 있음. 신규 Alloy 개발, 전투드론 연구를 추진하며, 첨단 고부가가치 소재와 K-방산 수출 확대를 통해 글로벌 시장 점유율을 늘리고 있음.",화학·소재;방산,0.1179,https://finance.naver.com/item/main.naver?code=103140,NAVER_PUBLIC,OK,2026-09-07,103140,풍산,,Y,,,,,,0.3605555555555556,0.914666666666667,Public Naver pull; history-dependent fields require BPS history input.,0.26555555555555554,0.85
9.93,1913.0,10.0,1943.0,1.19,15966.39,19000.0,21857.0,"기업개요 동사는 1973년 광고업 영위를 목적으로 설립되었고, 1998년 한국거래소에 상장됨. 서울 본사를 포함한 전세계 46개국 55개 거점의 글로벌 네트워크를 운영하며 영국 Iris, 미국 TBG와 McKinney, 중국 PengTai 및 중동 One RX 등 해외 M&A사를 보유하고 있음. 마케팅 성과 최대화를 위한 마케팅 솔루션을 제공하며 광고 기획/제작, 매체 선정, 프로모션 대행 등을 하고 있음.",,0.1217,https://finance.naver.com/item/main.naver?code=030000,NAVER_PUBLIC,OK,2026-09-07,030000,제일기획,,Y,,,,,,1.1504165938574717,1.4192312726921992,Public Naver pull; history-dependent fields require BPS history input.,1.0634839810376673,1.1899997432105818
14.79,13662.0,13.0,15267.0,1.98,102020.2,202000.0,21803.0,"기업개요 동사는 1980년 설립된 정밀화학 전문기업으로, 연결대상 종속회사 7개사를 보유하고 있음. 반도체, 디스플레이, 제지 및 섬유에 사용되는 과산화수소, 차아황산소다, BPO 등 정밀화학 제품과 라텍스 및 고분자응집제 등 제지/환경 제품을 생산하고 있음. 반도체 박막소재인 Precursor, 디스플레이용 Resin 및 QD 등 전자소재와 음극바인더, 분리막바인더, 실리콘음극재 등 이차전지용 소재를 개발 및 생산하고 있음.",화학·소재;반도체;디스플레이,0.1496,https://finance.naver.com/item/main.naver?code=014680,NAVER_PUBLIC,OK,2026-09-07,014680,한솔케미칼,,Y,,,,,,1.6208554776407027,2.374039650971082,Public Naver pull; history-dependent fields require BPS history input.,0.9086435823493779,1.9800000392079216
5.32,32086.0,,,0.61,279836.07,170700.0,22112.0,"기업개요 동사는 1974년 의류 제조·판매 목적으로 설립되어 2009년 인적분할로 순수 지주회사로 존속하고 있음. 영원무역을 통해 의류, 신발, 가방의 OEM 제조 및 수출을 하고, 영원아웃도어는 국내에서 노스페이스 브랜드 리테일 사업을 하고 있음. 2015년 SCOTT 지분 확보로 글로벌 자전거 시장에 진출하였으며, 방글라데시 등지에서 글로벌 생산거점을 확대하며 성장하고 있음.",,0.104,https://finance.naver.com/item/main.naver?code=009970,NAVER_PUBLIC,OK,2026-09-07,009970,영원무역홀딩스,,Y,,,,,0.1147,0.19154071167451714,0.4861417614962932,Public Naver pull; history-dependent fields require BPS history input.,0.16473930612304555,0.609999990351494
16.18,1551.0,9.0,2688.0,0.63,39841.27,25100.0,20985.0,"기업개요 동사는 1971년 설립 후 2005년 GS리테일로 상호를 변경하고, 2021년 GS홈쇼핑을 흡수 합병하여 온·오프라인 통합 유통기업으로 성장함. 편의점 GS25, 수퍼마켓 GS THE FRESH, 홈쇼핑 GS SHOP 등 소매유통업과 부동산 개발업을 함께 영위하고 있음. 물류 자회사 지에스네트웍스를 통해 물류 경쟁력을 강화하며, PB 상품과 우리동네GS 앱 활용으로 통합 서비스를 확대함.",유통·물류,0.0675,https://finance.naver.com/item/main.naver?code=007070,NAVER_PUBLIC,OK,2026-09-07,007070,GS리테일,,Y,,,,,,0.43654230901775976,0.6107486031444279,Public Naver pull; history-dependent fields require BPS history input.,0.3438645404626911,0.6299999974900399
4.43,1659.0,5.0,1417.0,0.87,8448.28,7350.0,21113.0,"기업개요 동사는 2003년 금호산업(주)의 타이어 사업부 자산·부채의 현물출자 및 영업양수도를 통해 설립된 타이어 제조·판매 기업임. 한국, 중국, 베트남, 미국에 위치한 8개 타이어 생산공장을 토대로 글로벌 생산체계를 구축하고, 12개 해외법인과 13개 해외지사/사무소를 통해 전세계 판매 네트워크를 갖추고 있음. 국내 광주/곡성/평택공장과 해외 중국 3개, 미국, 베트남 공장에서 생산하며, 5개 지역에 R&D센터를 운영하고 있음.",,0.1677,https://finance.naver.com/item/main.naver?code=073240,NAVER_PUBLIC,OK,2026-09-07,073240,금호타이어,,Y,,,,,,0.4858977211929528,0.6888976217644301,Public Naver pull; history-dependent fields require BPS history input.,0.32373453531369695,0.8699995738777596
9.47,10322.0,8.0,12457.0,0.45,217111.11,97700.0,21068.0,"기업개요 동사는 2002년 현대지에프홀딩스의 백화점 사업부문이 분할되어 설립되었으며, 2022년 지누스 지분 취득으로 가구 제조 부문을 연결 종속회사로 편입함. 백화점 13개, 아울렛 10개, 면세점 2개를 운영하고 있으며, 가구 제조 부문에서는 매트리스와 가구사업을 영위하고 있음. 프리미엄 소비 확대와 체험형 매장 강화로 경쟁력을 확보하며, 2027년부터 신규 출점 추진하고 있음.",유통·물류,0.0574,https://finance.naver.com/item/main.naver?code=069960,NAVER_PUBLIC,OK,2026-09-07,069960,현대백화점,,Y,,,,,,0.2339815774512875,0.3784237480983816,Public Naver pull; history-dependent fields require BPS history input.,0.1943705230008727,0.4500000023029683
17.56,1506.0,,,0.67,39477.61,26450.0,20223.0,"기업개요 동사는 1959년 설립되어 2006년 인적분할을 통해 화장품, 생활용품, 식품 등의 제조 및 판매 사업을 (주)아모레퍼시픽으로 이전한 순수지주회사임. 주요 자회사인 (주)아모레퍼시픽 포함 총 8개 자회사를 보유하며, 화장품 사업부문(매출 비중 95%)과 기타 사업부문(5%)으로 구분됨. 화장품 사업은 설화수, 헤라, 라네즈 등 럭셔리 및 프리미엄 브랜드를, 헤어 앤 뷰티 사업은 려, 미쟝센 등 생활용품 브랜드로 전개하고 있음.",,0.031,https://finance.naver.com/item/main.naver?code=002790,NAVER_PUBLIC,OK,2026-09-07,002790,아모레퍼시픽홀딩스,,Y,,,,,0.0381,0.6418828292796854,0.9564915403946692,Public Naver pull; history-dependent fields require BPS history input.,0.5154820669235042,0.6700000329300583
96.49,769.0,-603.0,-123.0,0.15,494666.67,74200.0,20476.0,"기업개요 동사는 2011년 신세계의 대형마트 사업부문이 인적분할되어 설립되었으며, 이마트에브리데이와 에메랄드에스피브이를 통해 사업 확장함. 유통업, 부동산업 등 7개 사업부문을 영위하고 있으며, 국내 대형마트 156개, 슈퍼마켓 241개, 편의점 5,493개 등을 운영하고 있음. 주요 종속회사로 이마트24, 에스에스지닷컴을 보유하고 있으며, 해외에서는 프리미엄 그로서리 매장과 와이너리를 운영하며 다각화하고 있음.",유통·물류,-0.0002,https://finance.naver.com/item/main.naver?code=139480,NAVER_PUBLIC,OK,2026-09-07,139480,이마트,,Y,,,,,,0.1422776270736009,0.21448786917461007,Public Naver pull; history-dependent fields require BPS history input.,0.11421832807130507,0.14999999898921834
16.41,2885.0,14.0,3311.0,1.58,29968.35,47350.0,21307.0,"기업개요 동사는 1984년 한국전력공사 전액 출자로 설립된 발전설비정비 전문회사로, 52년간 국내외 발전설비를 책임지고 있었음. 화력, 원자력, 송변전 등 다양한 사업을 운영하며, 전문기술인력과 첨단 장비로 산업설비 가동률과 효율성을 높이는 고품질 정비서비스를 제공하고 있음. 발전설비 성능 향상 및 설비 가동률 제고 기술을 UAE, 남아공 등에서 활용하며, 원전해체와 신재생에너지 등을 추진하고 있음.",전력·에너지,0.1105,https://finance.naver.com/item/main.naver?code=051600,NAVER_PUBLIC,OK,2026-09-07,051600,한전KPS,,Y,,,,,,1.1462092507595514,1.606027692548973,Public Naver pull; history-dependent fields require BPS history input.,1.0260825170554937,1.58000023357976
475.73,103.0,11.0,4405.0,1.59,30817.61,49000.0,20663.0,"기업개요 동사는 2006년 설립, 2014년 유가증권시장 상장된 풍력타워 및 해상풍력 하부구조물 제조기업임. 한국 본사를 기반으로 베트남, 미국, 포르투갈 등에서 생산법인을 운영하며 Vestas, SGRE 등 글로벌 터빈 업체에 타워를 공급하고 있음. 2023년 유럽 Bladt Industries 인수로 해상풍력 하부구조물 사업에 진출, 공급망 내 경쟁력을 강화하고 있음.",금융·보험,0.1429,https://finance.naver.com/item/main.naver?code=112610,NAVER_PUBLIC,OK,2026-09-07,112610,씨에스윈드,,Y,,,,,,1.4134775539050561,2.1708367391241565,Public Naver pull; history-dependent fields require BPS history input.,1.1211122471859434,1.590000003244898
300.91,219.0,,,14.38,4582.75,65900.0,19914.0,"기업개요 동사는 2023년 이수화학에서 정밀화학 및 전고체전지소재 사업부문을 인적분할하여 설립되었으며, 2024년 이수엑사켐의 정밀화학 사업부문을 흡수합병함. 현재 울산 공장과 일본 해외법인, 상해대표처를 두고 있음. TDM, NOM/NDM, IPA, Special Solvent 등 정밀화학제품의 생산·판매와 전고체 배터리용 고체전해질 원료인 황화리튬(Li2S)을 생산·판매하는 전고체전지소재 사업을 영위하고 있음.",화학·소재;배터리,,https://finance.naver.com/item/main.naver?code=457190,NAVER_PUBLIC,OK,2026-09-07,457190,이수스페셜티케미컬,,Y,,,,,0.0478,8.366155692542687,14.28836397359664,Public Naver pull; history-dependent fields require BPS history input.,5.507610059462113,14.380012001527467
8.92,5740.0,13.0,3811.0,3.33,15375.38,51200.0,17367.0,"기업개요 동사는 2001년 설립되어 2009년 유가증권시장에 상장하였으며, 2024년 9월 HD현대 기업집단으로 편입됨. 종속회사로 HD현대크랭크샤프트를 보유하고 있으며, 2026년 1월 STX HI Malaysia Sdn. Bhd.를 청산함. 선박용 저속엔진(디젤, LPG DF, LNG DF) 제조를 주력으로 하며, 터보차저, 크랭크샤프트 등 엔진부품 및 A/S 사업을 영위하고 있음.",금융·보험;조선·해양,0.2479,https://finance.naver.com/item/main.naver?code=071970,NAVER_PUBLIC,OK,2026-09-07,071970,HD현대마린엔진,,Y,,,,,,0.3283170887483757,3.754053558351079,Public Naver pull; history-dependent fields require BPS history input.,0.23934367800990936,3.329998998398739
7.54,9773.0,8.0,9119.0,0.35,210571.43,73700.0,16812.0,"기업개요 동사는 1930년 설립된 종합물류기업으로, 2026년 기준 전세계 33개국 92개 법인을 운영하고 있음. CL사업은 스마트 물류 설비 기반 W&D사업과 국내 최대 항만인프라 활용 P&D사업을 영위하고, 택배사업은 자동화설비로 날마다 최대 약 920만 Box를 처리하고 있음. 글로벌사업은 항공/해상 포워딩과 Cross Border e-Commerce 물류서비스를 제공하며, 건설사업은 물류센터와 프리미엄 골프장을 운영하고 있음.",유통·물류;건설·인프라,0.0433,https://finance.naver.com/item/main.naver?code=000120,NAVER_PUBLIC,OK,2026-09-07,000120,CJ대한통운,,Y,,,,,,0.3859023040305135,0.5793758441019278,Public Naver pull; history-dependent fields require BPS history input.,0.33147896654356196,0.3499999976255089
3.85,9808.0,4.0,8774.0,0.44,85909.09,37800.0,16685.0,"기업개요 동사는 1969년 설립, 1989년 유가증권시장 상장 후 2022년 동원엔터프라이즈와 합병하여 동원그룹 지주회사가 되었음. 동원F&B, StarKist Co., 동원시스템즈, 동원홈푸드 등 41개 종속회사를 보유하고 있음. 수산부문에서는 국내 최대 선망선단 19척 포함 총 37척의 선박으로 원양어업을 영위하고, 식품가공·유통부문에서는 브랜드 제품을 생산하며, 포장부문에서는 소재·부품 사업을 하고 있음.",금융·보험;조선·해양;유통·물류,0.1021,https://finance.naver.com/item/main.naver?code=006040,NAVER_PUBLIC,OK,2026-09-07,006040,동원산업,,Y,,,,,,0.3824135490202492,0.5059418042956805,Public Naver pull; history-dependent fields require BPS history input.,0.3016560878482126,0.44000000465608474
-3458.0,,15.0,2878.0,1.42,30035.21,42650.0,16739.0,"기업개요 동사는 1973년 설립되어 1991년 유가증권시장에 상장한 삼성그룹 계열의 호텔 및 면세 사업 기업임. TR부문은 서울·제주 시내 면세점 및 인천, 싱가포르 창이, 홍콩 첵랍콕 국제공항에서 면세사업을 운영하고 있음. 호텔&레저부문은 서울·제주신라호텔, 신라스테이, 신라모노그램의 3대 호텔 브랜드 체계를 구축하고 BTM 사업과 레저사업을 통해 글로벌 호스피탈리티 기업으로 성장하고 있음.",금융·보험,0.0958,https://finance.naver.com/item/main.naver?code=008770,NAVER_PUBLIC,OK,2026-09-07,008770,호텔신라,,Y,,,,,,1.5222134288390194,2.608272091322152,Public Naver pull; history-dependent fields require BPS history input.,1.2268933694820179,1.4200000599296625
22.43,2608.0,11.0,5538.0,0.42,139285.71,58500.0,15909.0,"기업개요 동사는 1976년 설립된 현대자동차그룹 계열 자동차부품 전문기업으로 7개국에 13개 생산 거점을 운영하고 있음. 차량부품, 모빌리티솔루션, 특수사업을 영위하며 엔진, 모듈, 등속조인트, 4WD 및 열관리 부품 등을 현대차, 기아, GM, 포드 등에 공급하고 있음. 친환경차 대응 전동화 제품 개발, 로봇·스마트팩토리 기반 제조물류 자동화 솔루션 제공, 미래형 무기체계 개발에 투자하고 있음.",자동차;전장부품;유통·물류,0.0398,https://finance.naver.com/item/main.naver?code=011210,NAVER_PUBLIC,OK,2026-09-07,011210,현대위아,,Y,,,,,,0.3661538574201187,0.49050257919495127,Public Naver pull; history-dependent fields require BPS history input.,0.27317949558501015,0.42000001292307737
11.39,2243.0,,,0.6,42583.33,25550.0,15370.0,"기업개요 동사는 1956년 설립 후 2017년 지주회사 체제로 전환하기 위해 인적분할을 진행해 투자사업부문 오리온홀딩스와 식품사업부문 오리온으로 나뉘었음. 주요 사업은 자회사 지분 관리 및 투자이며, 수익원은 브랜드 사용수익, 임대수익, 종속회사 배당금 수익 등임. 연결대상 종속회사는 상장 2개사, 비상장 16개사로 총 18개사 구성, 제과, 영상, 지주 및 기타 사업부문을 보유하고 있음.",,0.0701,https://finance.naver.com/item/main.naver?code=001800,NAVER_PUBLIC,OK,2026-09-07,001800,오리온홀딩스,,Y,,,,,0.0527,0.34731900957487355,0.4774168671167802,Public Naver pull; history-dependent fields require BPS history input.,0.3130332926053458,0.6000000469667356
12.55,4397.0,8.0,7015.0,0.42,131428.57,55200.0,16530.0,"기업개요 동사는 2010년 ㈜코오롱 제조사업부문이 분할되어 설립된 제조회사로, 국내외 37개 종속회사를 보유하고 있음. 산업자재군(타이어코드, 에어백 등), 화학소재군(석유수지, 페놀수지 등), 패션군(아웃도어, 골프 등), 기타사업군(골프장, 벤처투자)으로 사업함. 자동차 경량화와 친환경 소재 수요 증가에 대응해 아라미드 펄프 증설, 베트남 타이어코드 및 에어백 생산 확대 등 고부가 제품군 확대와 글로벌 생산체계 강화를 추진하고 있음.",화학·소재;자동차,0.0534,https://finance.naver.com/item/main.naver?code=120110,NAVER_PUBLIC,OK,2026-09-07,120110,코오롱인더,,Y,,,,,,0.2695760898866966,0.4583478310689981,Public Naver pull; history-dependent fields require BPS history input.,0.203913045694707,0.4200000045652174
-4270.0,,8.0,15822.0,1.17,108803.42,127300.0,14876.0,"기업개요 동사는 1969년 설립된 혈액제제 및 백신 전문 제약기업으로, 2023년 FDA로부터 면역글로불린 품목허가를 받아 2024년 미국 시장에 진출함. 의약품 제조·판매를 주력으로 하며, 종속회사를 통해 체외진단시약, 혈당측정기, 세포치료제 등 헬스케어 사업을 운영하고 있음. 헌터증후군 치료제 '헌터라제' ICV제형 상업화, 혈우병 치료제 '그린진에프' 중국 허가 등 글로벌 경쟁력을 확보하고 있음.",바이오·제약,0.1454,https://finance.naver.com/item/main.naver?code=006280,NAVER_PUBLIC,OK,2026-09-07,006280,녹십자,,Y,,,,,,1.0973919753625392,1.5372678542641403,Public Naver pull; history-dependent fields require BPS history input.,0.869457963729449,1.1699999871327573
16.2,2472.0,14.0,2828.0,0.73,54863.01,40050.0,14362.0,"기업개요 동사는 1955년 특수강 제조 및 판매업을 목적으로 설립되었으며, 1991년 유가증권시장에 상장하고 2003년 세아그룹에 편입되었음. 2022년 물적분할로 (주)세아베스틸을 설립하고, 분할존속회사로 순수지주회사로 전환하였음. 주요 자회사로는 탄소합금 특수강 생산 (주)세아베스틸, STS선재·봉강·강관 생산 (주)세아창원특수강, 고강도 알루미늄 합금 소재 생산 (주)세아항공방산소재 등이 있음.",금융·보험;화학·소재;방산,0.0515,https://finance.naver.com/item/main.naver?code=001430,NAVER_PUBLIC,OK,2026-09-07,001430,세아베스틸지주,,Y,,,,,,0.33986469207577197,0.5107266261913082,Public Naver pull; history-dependent fields require BPS history input.,0.258826484365331,0.7300000492134865
6.91,16871.0,7.0,15931.0,1.26,92539.68,116600.0,13509.0,"기업개요 동사는 2002년 주식회사 대웅의 사업부문을 인적분할하여 설립된 의약품 제조 및 판매 전문 기업으로, KGMP 기준에 부합하는 제조시설을 운영하고 있음. 주요 제품으로 보툴리눔 톡신 나보타, 간장질환 치료제 우루사, 국산 신약 펙수클루, 엔블로 등이 있으며, 한올바이오파마 등 20개사를 보유하고 있음. 동사는 혁신 신약을 중심으로 글로벌 진출을 고도화하고, 디지털 헬스케어 시장 투자를 이어가고 있음.",바이오·제약,0.1722,https://finance.naver.com/item/main.naver?code=069620,NAVER_PUBLIC,OK,2026-09-07,069620,대웅제약,,Y,,,,,,1.2178559510903864,1.7417393273890727,Public Naver pull; history-dependent fields require BPS history input.,0.9984905934405652,1.2600000345797608
13.38,26006.0,6.0,61734.0,0.85,409411.76,348000.0,15060.0,"기업개요 동사는 2018년 주식회사 효성의 인적분할에 따라 섬유/무역 사업부문을 분할하여 설립되었으며, 국내외 27개 종속회사를 보유하고 있음. 2025년 효성화학 특수가스사업부를 영업양수하여 종속회사 효성네오켐에서 특수가스 사업 운영을 시작하였음. 섬유 부문은 독자 기술로 개발한 스판덱스를 한국, 중국, 베트남, 튀르키예, 브라질, 인도 등 대륙별 생산체계를 구축하여 글로벌 M/S 1위를 유지하고 있음.",화학·소재;전력·에너지,0.1508,https://finance.naver.com/item/main.naver?code=298020,NAVER_PUBLIC,OK,2026-09-07,298020,효성티앤씨,,Y,,,,,,0.6047701218939094,1.0070546092764898,Public Naver pull; history-dependent fields require BPS history input.,0.47287356865371916,0.850000009770115
18.23,18216.0,,,0.53,626415.09,332000.0,13305.0,"기업개요 동사는 1969년 설립, 1994년 유가증권시장 상장 종합식품 기업으로, 국내외 28개 사업장 운영하며 31개 계열사 보유하고 있음. 2026년 OA NORTHAM LLC와 OTOKI JAPAN CO.,LTD를 신규 설립, 북미 및 일본 시장 진출 확대하고 있음. 건조식품, 양념소스, 유지, 면제품 등 다양한 식품 제조·판매하며, 미국, 베트남 등 해외 제조·판매시설 운영하고 있음.",금융·보험,0.0561,https://finance.naver.com/item/main.naver?code=007310,NAVER_PUBLIC,OK,2026-09-07,007310,오뚜기,,Y,,,,,0.0291,0.6122138596629274,0.7215662700590435,Public Naver pull; history-dependent fields require BPS history input.,0.4709337382022518,0.5300000036716868
37.94,340.0,,,3.79,3403.69,12900.0,13835.0,"기업개요 동사는 2006년 설립 및 상장하였으며, 2022년 포괄적 주식교환으로 화공기기 전문업체 한텍을 종속회사로 편입함. 동사는 불소화학 기술을 기반으로 냉매, 2차전지 소재, 반도체 특수가스를 생산하고 있으며, 한텍은 티타늄 반응기, 압력용기 등 화공기기를 제조함. 동사는 2차전지 전해질 LiPF6 및 반도체용 특수가스 C4F6을 국내 유일 생산하며, 글로벌 시장 점유율 확대와 친환경 제품 개발에 주력하고 있음.",화학·소재;배터리;반도체,0.1145,https://finance.naver.com/item/main.naver?code=093370,NAVER_PUBLIC,OK,2026-09-07,093370,후성,,Y,,,,,0.0999,1.8156765157814019,4.641256988738693,Public Naver pull; history-dependent fields require BPS history input.,1.1502222587838493,3.7900043776019556
6.7,8407.0,6.0,9308.0,0.82,68658.54,56300.0,11920.0,"기업개요 동사는 2012년 온라인 게임 개발 및 서비스를 목적으로 설립되었으며, 2025년 Paxie Games와 WHOW Games 인수를 완료하여 캐주얼 및 소셜카지노 부문을 강화함. 주요 종속회사인 더블다운인터액티브를 통해 더블유카지노, 더블다운카지노 등 소셜카지노 게임과 머지스튜디오 등 캐주얼 게임을 웹 및 모바일 플랫폼에서 서비스하고 있음. 2023년 인수한 SuprNation AB를 중심으로 아이게이밍 사업도 영위하고 있음.",스마트폰;플랫폼·인터넷,0.1356,https://finance.naver.com/item/main.naver?code=192080,NAVER_PUBLIC,OK,2026-09-07,192080,더블유게임즈,,Y,,,,,,0.5592224943903555,0.779218433715602,Public Naver pull; history-dependent fields require BPS history input.,0.4754688928718846,0.8199999592184746
15.04,9215.0,10.0,13680.0,0.54,256666.67,138600.0,12757.0,"기업개요 동사는 건과, 빙과 제품 등을 생산하여 최종 소비자들에게 할인점, SSM, CVS 등의 채널을 통해 제공하는 종합식품기업임. 건과 주력 상품으로는 자일리톨, 빼빼로, 가나, 몽쉘, 꼬깔콘 등이 있으며, 빙과 주력 상품으로는 월드콘, 설레임, 스크류바, 죠스바, 돼지바 등이 있음. 또한 베이커리류와 유지식품, 육가공, 유가공, 델리카, HMR 등 전반적인 포트폴리오를 확장하며 소비자들의 다양한 요구를 충족시키고 있음.",,0.0533,https://finance.naver.com/item/main.naver?code=280360,NAVER_PUBLIC,OK,2026-09-07,280360,롯데웰푸드,,Y,,,,,,0.4330909034663519,0.5000259675321302,Public Naver pull; history-dependent fields require BPS history input.,0.3580519434019228,0.5399999929870131
11.43,1978.0,10.0,2265.0,1.73,13063.58,22600.0,11678.0,"기업개요 동사는 1984년 탄소섬유 및 합성수지 제조를 목적으로 설립되었고, 1995년 유가증권시장에 상장된 복합소재 기업임. 국내 최초로 탄소섬유 프리프레그를 상용화하였으며, LNG 보냉재, 스포츠레저용품, 항공부품 등 다양한 첨단 복합소재를 생산하고 있음. GTT의 멤브레인 타입 보냉재 생산 인증을 받아 조선사에 납품하며 방산, 우주 등 사업영역을 넓혀 혁신복합소재산업의 선두주자로 도약하고 있음.",금융·보험;화학·소재;조선·해양,0.1734,https://finance.naver.com/item/main.naver?code=017960,NAVER_PUBLIC,OK,2026-09-07,017960,한국카본,,Y,,,,,,0.8443321049819422,1.9274961381183415,Public Naver pull; history-dependent fields require BPS history input.,0.7608940275177248,1.7300005052213865
11.89,1411.0,,,0.67,25029.85,16770.0,12333.0,"기업개요 동사는 2018년 한일홀딩스㈜에서 인적분할하여 설립된 시멘트 제조 전문기업으로, 종속회사로 건설업을 영위하는 한일E&C㈜를 보유함. 당기 중 한일현대시멘트㈜를 흡수합병하여 사업 역량을 강화함. 시멘트, 레미탈, 레미콘 제조 및 판매를 주요 사업으로 하며, 단양·영월에 시멘트 생산공장 3곳, 평택·당진에 슬래그 시멘트 생산공장 2곳을 운영하고, 전국 18개 출하공장으로 유통망을 구축하고 있음.",건설·인프라;유통·물류,0.0405,https://finance.naver.com/item/main.naver?code=300720,NAVER_PUBLIC,OK,2026-09-07,300720,한일시멘트,,Y,,,,,0.0564,0.49652714658697517,0.7330447445749776,Public Naver pull; history-dependent fields require BPS history input.,0.43148480714027454,0.6700000199761486
-19576.0,,-1.0,-10975.0,1.04,15759.62,16390.0,13404.0,"기업개요 동사는 2019년 SK이노베이션에서 분할하여 설립된 LiBS(리튬이온 배터리 분리막) 전문 제조기업으로, 2021년 유가증권시장에 상장하였음. 종속회사로 비상장 2개사를 보유하고 있음. 2004년 국내 최초이자 세계 세 번째로 LiBS 생산기술을 독자 개발하였으며, 2007년 세계 최초 축차 연신 공정 완성, 세계 최초 5㎛ 박막 제품 개발 및 양면 동시 코팅 상업화 등 우위의 기술력을 보유함.",배터리;금융·보험,-0.6964,https://finance.naver.com/item/main.naver?code=361610,NAVER_PUBLIC,OK,2026-09-07,361610,SK아이이테크놀로지,,Y,,,,,,1.593947062175357,5.769174637459534,Public Naver pull; history-dependent fields require BPS history input.,0.8413908457183612,1.0399996954241282
5.88,7792.0,6.0,8124.0,0.46,99565.22,45800.0,11816.0,"기업개요 동사는 1964년 설립되어 1976년 유가증권시장에 상장한 롯데그룹 계열의 스페셜티 케미칼 제조 기업임. 케미칼사업부는 ECH, 가성소다, 유록스, 암모니아 등을 생산하며 국내 최대 규모의 암모니아 저장 설비를 보유하고 있음. 그린소재사업부는 건축용 첨가제 메셀로스, 페인트 첨가제 헤셀로스, 의약용 코팅제 애니코트 등 글로벌 경쟁우위의 고부가 셀룰로스 계열 제품을 생산하고 있음.",금융·보험;화학·소재,0.0816,https://finance.naver.com/item/main.naver?code=004000,NAVER_PUBLIC,OK,2026-09-07,004000,롯데정밀화학,,Y,,,,,,0.44222269583695994,0.671519633060621,Public Naver pull; history-dependent fields require BPS history input.,0.3148689873833453,0.45999998794759855
23.45,661.0,11.0,1391.0,0.94,16489.36,15500.0,10870.0,"기업개요 동사는 1924년 설립된 종합주류판매기업으로 20개의 계열사를 보유하고 있으며, 주요 종속회사로 하이트진로음료, 하이트진로산업, 블루헤런 등이 있음. 소주 부문은 '참이슬'과 '진로'로 국내 시장을 선도하고, 맥주 부문은 '테라', '켈리', '필라이트' 등 다양한 제품을 구축하고 있음. 생수 부문은 '석수'로 18년 연속 퍼스트 브랜드 대상을 수상하며, '블랙보리' 등 음료 포트폴리오를 다변화하고 있음.",,0.0844,https://finance.naver.com/item/main.naver?code=000080,NAVER_PUBLIC,OK,2026-09-07,000080,하이트진로,,Y,,,,,,1.1522581834589092,1.6792646894724848,Public Naver pull; history-dependent fields require BPS history input.,0.8648000892696867,0.9400000970322681
8.64,6229.0,,,0.28,192142.86,53800.0,11274.0,"기업개요 동사는 1939년에 설립되고, 2021년 건설사업부문을 DL이앤씨㈜로 인적분할, 석유화학사업부문을 DL케미칼㈜로 물적분할해 지주회사로 전환하였음. 현재 브랜드 로열티, 배당, 임대수익 등을 주요사업으로 하며, 60개의 종속기업을 보유하고 있음. 제조(유화·소재·자동차부품), 에너지(IPP 지분투자·발전), 투자 및 기타(호텔·골프장·부동산 임대) 부문을 가지고 매출의 84.9%는 제조부문에서 발생하고 있음.",건설·인프라;화학·소재;전장부품,0.0624,https://finance.naver.com/item/main.naver?code=000210,NAVER_PUBLIC,OK,2026-09-07,000210,DL,,Y,,,,,0.0324,0.20297397467696693,0.3197620770295602,Public Naver pull; history-dependent fields require BPS history input.,0.15561338058567464,0.2799999958364313
8.55,106610.0,,,0.18,5066666.67,912000.0,10154.0,"기업개요 동사는 1961년 설립된 태광그룹 계열의 석유화학 및 섬유 전문 기업으로, 1975년 유가증권시장에 상장함. 계열회사는 당사 포함 39개사이며, 섬유·석유화학, 미디어, 금융, 인프라·레저, 화장품, 의약품 등 다양한 사업부문을 영위하고 있음. 주요 사업은 PTA, AN, 프로필렌 등을 생산하는 석유화학부문과 나일론, 모다크릴 등을 생산하는 섬유부문 및 임대사업으로 구성되어 있으며, 종속회사를 통해 방송통신사업도 영위하고 있음.",화학·소재;금융·보험;건설·인프라,0.0454,https://finance.naver.com/item/main.naver?code=003240,NAVER_PUBLIC,OK,2026-09-07,003240,태광산업,,Y,,,,,0.021,0.12552631570689057,0.1954736840819252,Public Naver pull; history-dependent fields require BPS history input.,0.11092105255860457,0.17999999988157894
5.49,3086.0,,,0.57,29701.75,16930.0,9843.0,"기업개요 동사는 1961년 설립되어 2002년 지주회사로 전환하였으며, 대웅제약, 대웅바이오, 한올바이오파마 등 총 36개의 종속회사를 보유하고 있음. 주요 자회사인 대웅제약은 보툴리눔 톡신 나보타, 펙수클루, 엔블로, 우루사 등을 주요 제품으로 보유하고 있음. 대웅바이오는 원료의약품 제조 및 판매를, 한올바이오파마는 바이오신약 개발에 집중하며, 동사는 디지털 헬스케어 투자와 혁신 신약 개발을 통해 글로벌 헬스케어 기업으로 성장하고 있음.",바이오·제약,0.081,https://finance.naver.com/item/main.naver?code=003090,NAVER_PUBLIC,OK,2026-09-07,003090,대웅,,Y,,,,,0.1039,0.5812452128241602,0.8804195039012853,Public Naver pull; history-dependent fields require BPS history input.,0.40603668134032506,0.5700000841701247
11.88,5758.0,14.0,4919.0,0.89,76853.93,68400.0,9441.0,"기업개요 동사는 2013년 종근당홀딩스에서 의약품사업 부문을 인적분할하여 설립된 국내 대형 제약사로, 80여 년의 역사를 보유하고 있음. 전문의약품 및 일반의약품 사업을 영위하며, 국산신약 항암제 캄토벨, 당뇨병치료제 듀비에정, 바이오시밀러 네스벨, 루센비에스 등을 보유하고 있음. 신약, 개량신약, 바이오의약품 연구개발 투자를 확대하고 베트남, 인도네시아 등의 해외시장 개척에 앞장서며 글로벌 제약기업으로 도약하고 있음.",바이오·제약,0.064,https://finance.naver.com/item/main.naver?code=185750,NAVER_PUBLIC,OK,2026-09-07,185750,종근당,,Y,,,,,,0.9885037759292207,1.2713624404113104,Public Naver pull; history-dependent fields require BPS history input.,0.8340497356478713,0.8900000299269016
15.18,6503.0,10.0,9754.0,0.64,154218.75,98700.0,9158.0,"기업개요 동사는 1950년 설립된 종합음료회사로, 탄산음료, 커피 등 음료 제품과 소주, 맥주 등 주류 제품을 제조·판매하고 있음. 음료 부문에서는 탄산음료가, 주류 부문에서는 소주가 가장 큰 매출 비중을 차지하며, 주요 종속회사 PCPPI는 필리핀에서 탄산음료 및 에너지 음료를 제조·판매함. 음료 제품은 대형할인매장, 편의점, 소매점, 대리점을 통해 판매되며, 주류 제품은 도매상, 음식점, 할인매장 등 다양한 채널에서 유통되고 있음.",전력·에너지;유통·물류,0.0632,https://finance.naver.com/item/main.naver?code=005300,NAVER_PUBLIC,OK,2026-09-07,005300,롯데칠성,,Y,,,,,,0.7628125633232016,1.0197203647416415,Public Naver pull; history-dependent fields require BPS history input.,0.6218439716312056,0.64
75.35,507.0,42.0,916.0,1.56,24487.18,38200.0,8989.0,"기업개요 동사는 1973년 설립, 2002년 유가증권시장에 상장된 대한민국의 대표적인 홈 인테리어 기업임. 리하우스 사업본부는 부엌, 욕실, 창호, 바닥재 등의 리모델링을, 홈퍼니싱 사업본부는 붙박이장, 소파, 식탁 등 다양한 가구를 온·오프라인으로 제공함. 특판사업본부는 공동주택 신축 및 리모델링 시장에 주방·수납 가구를 공급하고, 통합 앱 한샘몰로 고객경험을 연결함.",금융·보험,0.0374,https://finance.naver.com/item/main.naver?code=009240,NAVER_PUBLIC,OK,2026-09-07,009240,한샘,,Y,,,,,,1.771539229915409,2.3849214160225882,Public Naver pull; history-dependent fields require BPS history input.,1.2557591360050442,1.5599999673298437
144.59,379.0,,,0.43,127441.86,54800.0,9479.0,"기업개요 동사는 2017년 에스케이디스커버리에서 분할 설립해 2018년 유가증권시장에 상장함. Green Chemicals Biz.와 Life Science Biz.를 운영하며, 국내 3개, 해외 2개 공장과 미국·독일·일본 현지법인 운영 중임. 고기능성 Copolyester 수지와 세포배양 독감백신 등을 생산하며, 그린소재 순환경제와 글로벌 백신 확대를 추진하고 있음.",금융·보험;화학·소재,0.068,https://finance.naver.com/item/main.naver?code=285130,NAVER_PUBLIC,OK,2026-09-07,285130,SK케미칼,,Y,,,,,0.003,0.3883339430231166,0.7410437983249781,Public Naver pull; history-dependent fields require BPS history input.,0.276204380570089,0.4300000015693431
12.41,808.0,11.0,929.0,0.5,20060.0,10030.0,9290.0,"기업개요 동사는 1972년 설립된 외국인전용 카지노 운영기업으로, 2024년 KOSPI로 이전상장함. 연결기준 서울, 인천, 부산, 제주에 4개의 외국인전용 카지노를 운영하고 있으며, 호텔부문으로 해운대 5성급 '파라다이스호텔 부산'과 미국 올랜도 소재 'Embassy Suites'를 보유하고 있음. 복합리조트 부문에는 인천 영종도 '파라다이스시티' 리조트가 있으며, 카지노, 호텔, 엔터테인먼트 시설 포함하고 있음.",화학·소재,0.0463,https://finance.naver.com/item/main.naver?code=034230,NAVER_PUBLIC,OK,2026-09-07,034230,파라다이스,,Y,,,,,,0.6214356929212363,0.8491525423728814,Public Naver pull; history-dependent fields require BPS history input.,0.46161515453639085,0.5
2.48,30546.0,3.0,28123.0,0.36,210277.78,75700.0,8765.0,"기업개요 동사는 1985년 집단에너지사업법에 의거해 설립된 집단에너지 전문 공기업으로, 2010년 유가증권시장에 상장하였음. 비상장 계열사로 한국지역난방기술, 노을그린에너지, 신안그린에너지 등 8개사를 보유하고 있음. 동사는 집단에너지사업, 전기사업, 신·재생에너지사업 등을 영위하며, 총 19개 사업장에서 약 192만호 공동주택과 2,991개소 건물에 냉·난방을 공급하고 있음.",전력·에너지;금융·보험,0.1337,https://finance.naver.com/item/main.naver?code=071320,NAVER_PUBLIC,OK,2026-09-07,071320,지역난방공사,,Y,,,,,,0.1329669734957255,0.3591439856365233,Public Naver pull; history-dependent fields require BPS history input.,0.11080581124643793,0.35999999619550865
20.77,8283.0,9.0,18209.0,0.86,200000.0,172000.0,7705.0,"기업개요 동사는 2018년 설립 및 유가증권시장 상장되어 17개의 연결대상 종속회사를 보유하고 있음. 산업자재 부문에서 타이어보강재, 안전벨트용 원사, 에어백용 원사 및 직물, 아라미드·탄소섬유 등을 생산하며, 섬유 부문에서 스판덱스와 폴리에스터 원사를, 기타 부문에서 나일론필름을 제조 및 판매함. 글로벌 타이어 및 자동차 부품업체를 주요 고객으로 두고, 베트남·중국·유럽 등에 생산거점을 확보하여 안정적인 글로벌 공급망을 구축하고 있음.",금융·보험;전장부품;자동차,0.091,https://finance.naver.com/item/main.naver?code=298050,NAVER_PUBLIC,OK,2026-09-07,298050,HS효성첨단소재,,Y,,,,,,0.9694,2.176,Public Naver pull; history-dependent fields require BPS history input.,0.746,0.86
84.68,966.0,6.0,12816.0,0.61,134098.36,81800.0,7323.0,"기업개요 동사는 2023년 OCI 홀딩스㈜로부터 단순인적분할하여 설립되었으며, 동년 5월 유가증권시장에 재상장되었음. OCI 홀딩스㈜의 대표이사를 동일인으로 하는 오씨아이 기업집단에 속해 있으며, 국내 2개, 해외 4개의 종속회사를 보유하고 있음. 베이직케미컬 부문에서는 반도체용 폴리실리콘, 과산화수소, TDI 등을, 카본케미컬 부문에서는 카본블랙, 핏치, BTX 등을 생산하고 있음.",금융·보험;반도체,0.0956,https://finance.naver.com/item/main.naver?code=456040,NAVER_PUBLIC,OK,2026-09-07,456040,OCI,,Y,,,,,,0.4377383884485985,0.7844987813422925,Public Naver pull; history-dependent fields require BPS history input.,0.3907579481210658,0.6100000029828851
-6006.0,,,,0.31,19903.23,6170.0,7450.0,"기업개요 동사는 2010년 주식회사 에스디의 바이오센서 사업부문을 인적 분할하여 설립된 체외진단 전문기업으로, 2021년 유가증권시장에 상장함. 체외진단(IVD) 분야에서 면역진단, 분자진단, 현장진단(POCT), 임상화학, 자가진단 및 만성질환 관리까지 아우르는 종합 진단 포트폴리오를 보유하고 있음. WHO PQ, CE-IVD, FDA 등 글로벌 인증을 기반으로 100여 개국 이상의 판매 네트워크를 구축하고 있음.",바이오·제약;금융·보험;화학·소재,0.0633,https://finance.naver.com/item/main.naver?code=137310,NAVER_PUBLIC,OK,2026-09-07,137310,에스디바이오센서,,Y,,,,,,0.46766278639195746,1.65400289299777,Public Naver pull; history-dependent fields require BPS history input.,0.29743915937262444,0.3099999346839684
7.07,5576.0,,,0.18,219166.67,39450.0,7263.0,"기업개요 동사는 1949년 합명회사 영풍기업사 설립을 시작으로 1976년 유가증권시장에 상장했으며, 국내외 다수 계열회사를 보유한 종합 비철금속 제련회사임. 지배회사는 아연괴, 황산 등 비철금속 제련사업을 영위하고, 종속회사는 PCB·FPCB 제조업과 반도체 패키징업을 하고 있음. 전자부품 부문은 스마트폰용 HDI, 메모리 모듈을 글로벌 Top 기업에 공급하며, Package Substrate 부문은 고부가가치 제품군으로 다변화하고 있음.",금융·보험;반도체;스마트폰,-0.0089,https://finance.naver.com/item/main.naver?code=000670,NAVER_PUBLIC,OK,2026-09-07,000670,영풍,,Y,,,,,0.0254,0.17614722165555555,0.2799440261605471,Public Naver pull; history-dependent fields require BPS history input.,0.12704942772548397,0.17999999726235744
7.61,17499.0,,,1.3,102384.62,133100.0,6655.0,"기업개요 동사는 2017년 미원홀딩스 주식회사로부터 인적분할하여 설립되었으며, 동년 유가증권시장에 상장됨. 미국에 종속회사인 Miwon Specialty Chemical USA, Inc.를 두고 UV 경화 원료 제조 및 판매 사업을 영위하고 있음. 에너지경화(UV/EB curing)에 사용되는 아크릴계 모노머, 올리고머, 광개시제 등을 생산하여 코팅, 잉크, 접착제, 전자재료 분야에 공급하고 있음.",금융·보험;전력·에너지,0.1332,https://finance.naver.com/item/main.naver?code=268280,NAVER_PUBLIC,OK,2026-09-07,268280,미원에스씨,,Y,,,,,0.1709,1.314455237515166,1.7971449227432792,Public Naver pull; history-dependent fields require BPS history input.,0.9395942476516493,1.2999999413974481
10.44,1577.0,8.0,1946.0,0.67,24567.16,16460.0,6728.0,"기업개요 동사는 2002년 남해화학에서 기업분할하여 정밀화학 및 기초화학 제품의 생산·판매를 목적으로 설립되었으며, 같은 해 유가증권시장에 상장함. 연결대상 종속회사 4개사를 보유하고 있으며, 정밀화학, 전자소재, 투자업 3개 보고부문을 운영하고 있음. 주요 제품으로는 DNT, MNB 등 NT계열 제품과 희질산, 농질산, 초안 등 NA계열 제품을 생산하며, 전자소재, 요소수 및 탄소배출권 판매 사업도 영위하고 있음.",화학·소재;금융·보험,0.0792,https://finance.naver.com/item/main.naver?code=069260,NAVER_PUBLIC,OK,2026-09-07,069260,TKG휴켐스,,Y,,,,,,0.7150195627007762,0.8979466898086714,Public Naver pull; history-dependent fields require BPS history input.,0.6060936632480107,0.670000113973288
-8325.0,,,,0.61,30852.46,18820.0,6520.0,"기업개요 동사는 1956년 조미료 및 식품첨가물 제조목적으로 설립되었고, 1973년 해외 플랜트 수출을 시작으로 글로벌 네트워크를 구축해왔음. 식품사업은 '청정원', '종가' 브랜드 중심으로 장류, 조미료류, 편의식품, 김치류 등을 생산·판매하고, 소재사업은 바이오 부문으로 전분당과 MSG, 라이신 등 아미노산을 생산함. 신성장 카테고리 육성, 전략제품 시장지위 강화, 해외 제조 거점 확장 및 R&D 역량 강화에 주력하고 있음.",건설·인프라;화학·소재;바이오·제약,0.0905,https://finance.naver.com/item/main.naver?code=001680,NAVER_PUBLIC,OK,2026-09-07,001680,대상,,Y,,,,,,0.6236779822419347,0.7454835043947874,Public Naver pull; history-dependent fields require BPS history input.,0.517948973922987,0.6099999805526043
10.08,2163.0,,,0.7,31142.86,21800.0,6320.0,"기업개요 동사는 1980년 설립된 첨단소재 전문기업으로, 동원산업이 최대주주이며, 베트남 소재 Tan Tien Packaging 등 4개의 종속회사를 보유하고 있음. 연포장재, 알루미늄박, 성형용기 등 포장재와 이차전지용 알루미늄 양극박 및 배터리용 원형캔을 생산하며, 세계 전역으로 수출하고 있음. 2021년 엠케이씨 합병으로 이차전지 부품 사업에 진출하고, 이차전지 솔루션 프로바이더로 도약하고 있음.",화학·소재;배터리,0.0748,https://finance.naver.com/item/main.naver?code=014820,NAVER_PUBLIC,OK,2026-09-07,014820,동원시스템즈,,Y,,,,,0.0695,0.9360090884395331,1.6254126949162666,Public Naver pull; history-dependent fields require BPS history input.,0.5766971947984225,0.6999999357798224
11.85,11119.0,,,1.38,95507.25,131800.0,5931.0,"기업개요 동사는 1959년 황산 및 분말유황을 주축으로 설립, 1989년 유가증권시장 상장된 기초화학회사로, 현재 첨단화학제품을 생산하는 중견기업으로 성장함. 종속회사 계동청운정세화공사를 통해 중국에서 계면활성제, 페인트 첨가제, 광중합개시제를 판매하고 있음. 생활화학사업부는 계면활성제와 컨디셔닝 폴리머를, 전자재료사업군은 OLED, TFT-LCD, 반도체 패키징용 프로세스 케미칼과 포토레지스트 원재료를 공급하고 있음.",금융·보험;화학·소재;디스플레이,0.1118,https://finance.naver.com/item/main.naver?code=002840,NAVER_PUBLIC,OK,2026-09-07,002840,미원상사,,Y,,,,,0.1164,1.6402943232058298,2.014716160291496,Public Naver pull; history-dependent fields require BPS history input.,1.1768740069471166,1.3799999476479534
8.6,11337.0,7.0,13565.0,0.32,304687.5,97500.0,6337.0,"기업개요 동사는 1970년 설립된 석유화학 전문기업으로, 1999년 유가증권시장에 상장되었음. 계열회사로는 케이피아이씨코포레이션, 코리아에어텍, 에이원상사, 한주 등 4개사가 있으며, 코리아에어텍은 산업용 가스를, 한주는 유틸리티 및 정제소금을 생산하고 있음. 온산공장에서는 납사를 원료로 에틸렌, 프로필렌 등 기초유분과 EO/EG를 생산하고, 울산공장에서는 HDPE, PP 등 폴리머 제품을 제조·판매하고 있음.",화학·소재;금융·보험;전력·에너지,0.0445,https://finance.naver.com/item/main.naver?code=006650,NAVER_PUBLIC,OK,2026-09-07,006650,대한유화,,Y,,,,,,0.3354912820512821,0.5251282051282051,Public Naver pull; history-dependent fields require BPS history input.,0.23794871794871794,0.32
-28326.0,,,,0.21,502380.95,105500.0,4369.0,"기업개요 동사는 1960년 부산철관공업으로 설립되어 강관 제조 및 판매사업을 영위해오다, 2018년 인적분할 방식으로 순수지주회사로 전환하였음. 세아제강, 세아씨엠, 세아스틸인터내셔날을 자회사로 두고 있으며, 해외계열사 포함 총 19개의 종속회사를 보유하고 있음. 국내외 계열회사 대부분은 철강제품 제조 및 판매사업을 영위하며, 강관부문은 배관용·유정용·구조용 강관을, 판재부문은 컬러강판·아연도금강판·산세강판을 생산 판매하고 있음.",,0.0212,https://finance.naver.com/item/main.naver?code=003030,NAVER_PUBLIC,OK,2026-09-07,003030,세아제강지주,,Y,,,,,,0.27015355578271827,0.41800948065407334,Public Naver pull; history-dependent fields require BPS history input.,0.19825592511021764,0.21000000099526067
-505.0,,,,1.69,6130.18,10360.0,3979.0,"기업개요 동사는 1968년 설립되어 1987년 유가증권시장에 상장된 기업으로, 연결기준 계열회사로 코스모신소재(주)와 코스모촉매(주)를 보유하고 있음. 이차전지 양극소재 주요 원료인 황산코발트와 황산니켈을 제련 및 리사이클을 통해 생산하며, 이산화티타늄을 제조·판매하는 국내 유일의 회사임. 전지소재, 이산화티타늄, 신소재, 촉매 등 4개 사업부문을 영위하며, 신소재 부문에서는 이차전지용 양극활물질과 MLCC용 이형필름 등을 생산하고 있음.",금융·보험;화학·소재;배터리,-0.2398,https://finance.naver.com/item/main.naver?code=005420,NAVER_PUBLIC,OK,2026-09-07,005420,코스모화학,,Y,,,,,,2.3620839844833266,5.585480361098695,Public Naver pull; history-dependent fields require BPS history input.,1.4485708413129794,1.6899993148651424
15.43,13450.0,,,0.28,741071.43,207500.0,4272.0,"기업개요 동사는 1957년 시멘트 제조·판매 목적으로 설립되었으며, 2013년 인적분할을 통해 지주회사로 전환하여 아세아시멘트(주)와 아세아제지(주)를 자회사로 두고 있음. 종속회사들은 시멘트, 제지, 창업투자, 재생재료가공, 영농, 부동산임대 및 공원관리운영 등의 사업을 영위하고 있음. 동사는 자회사 책임경영체제 확립과 경영효율성 제고를 통해 수익성 향상을 도모하며, 그룹 차원의 전략 개발로 자회사간 시너지효과를 극대화하고 있음.",,0.0406,https://finance.naver.com/item/main.naver?code=002030,NAVER_PUBLIC,OK,2026-09-07,002030,아세아,,Y,,,,,0.0181,0.1839228912117149,0.3616385535197329,Public Naver pull; history-dependent fields require BPS history input.,0.13763855395154012,0.27999999946024096
79.75,202.0,,,1.36,11845.59,16110.0,3995.0,"기업개요 동사는 1973년 설립된 필름 기반 포장재 및 전자소재 전문 기업으로, 1988년 유가증권시장에 상장함. 포장사업부에서 OPP, CPP, Shrink Film 등과 식품포장재를 생산하고, 전자소재사업부에서 IT, 자동차, 반도체용 광학필름과 2차전지용 LiBP를 생산·판매하고 있음. 동사는 매출액의 약 2%를 연구개발에 투자하며, 평택 신공장 증설로 배터리 파우치 역량을 확보하고 해외 시장 진출을 강화하고 있음.",화학·소재;금융·보험;자동차,-0.0807,https://finance.naver.com/item/main.naver?code=008730,NAVER_PUBLIC,OK,2026-09-07,008730,율촌화학,,Y,,,,,0.0171,1.966976739866904,2.9116320926184347,Public Naver pull; history-dependent fields require BPS history input.,1.137976242635445,1.3599997973929538
